thrower_x,thrower_y,possession_num,possession_throw,game_quarter,quarter_point,is_home_team,home_team_score,away_team_score,gameID,total_points,home_teamID,away_teamID,times,home_team_win,score_diff
12.75,19.87,1,1,1,0,False,0,0,2023-06-30-DC-NY,0,empire,breeze,2880.0,1,0
3.57,25.7,1,2,1,0,False,0,0,2023-06-30-DC-NY,0,empire,breeze,2874.818181818182,1,0
-7.29,22.2,1,3,1,0,False,0,0,2023-06-30-DC-NY,0,empire,breeze,2869.6363636363635,1,0
-17.35,27.74,1,4,1,0,False,0,0,2023-06-30-DC-NY,0,empire,breeze,2864.4545454545455,1,0
-26.45,33.34,1,5,1,0,False,0,0,2023-06-30-DC-NY,0,empire,breeze,2859.272727272727,1,0
-21.06,28.76,1,6,1,0,False,0,0,2023-06-30-DC-NY,0,empire,breeze,2854.090909090909,1,0
-16.03,27.08,1,7,1,0,False,0,0,2023-06-30-DC-NY,0,empire,breeze,2848.909090909091,1,0
8.01,35.31,1,8,1,0,False,0,0,2023-06-30-DC-NY,0,empire,breeze,2843.727272727273,1,0
18.28,45.21,1,9,1,0,False,0,0,2023-06-30-DC-NY,0,empire,breeze,2838.5454545454545,1,0
10.92,39.9,1,10,1,0,False,0,0,2023-06-30-DC-NY,0,empire,breeze,2833.3636363636365,1,0
11.22,51.11,1,11,1,0,False,0,0,2023-06-30-DC-NY,0,empire,breeze,2828.181818181818,1,0
11.8,61.16,1,12,1,0,False,0,0,2023-06-30-DC-NY,0,empire,breeze,2823.0,1,0
4.02,15.27,1,1,1,0,True,0,1,2023-06-30-DC-NY,1,empire,breeze,2822.0,1,-1
-10.17,21.34,1,2,1,0,True,0,1,2023-06-30-DC-NY,1,empire,breeze,2816.764705882353,1,-1
-8.19,30.4,1,3,1,0,True,0,1,2023-06-30-DC-NY,1,empire,breeze,2811.529411764706,1,-1
-18.28,43.84,1,4,1,0,True,0,1,2023-06-30-DC-NY,1,empire,breeze,2806.2941176470586,1,-1
-0.62,40.84,1,5,1,0,True,0,1,2023-06-30-DC-NY,1,empire,breeze,2801.0588235294117,1,-1
-9.62,41.38,1,6,1,0,True,0,1,2023-06-30-DC-NY,1,empire,breeze,2795.823529411765,1,-1
1.43,41.65,1,7,1,0,True,0,1,2023-06-30-DC-NY,1,empire,breeze,2790.5882352941176,1,-1
15.34,50.18,1,8,1,0,True,0,1,2023-06-30-DC-NY,1,empire,breeze,2785.3529411764707,1,-1
2.25,47.11,1,9,1,0,True,0,1,2023-06-30-DC-NY,1,empire,breeze,2780.1176470588234,1,-1
-15.01,52.09,1,10,1,0,True,0,1,2023-06-30-DC-NY,1,empire,breeze,2774.8823529411766,1,-1
2.04,50.59,1,11,1,0,True,0,1,2023-06-30-DC-NY,1,empire,breeze,2769.6470588235293,1,-1
11.04,59.99,1,12,1,0,True,0,1,2023-06-30-DC-NY,1,empire,breeze,2764.4117647058824,1,-1
15.48,67.43,1,13,1,0,True,0,1,2023-06-30-DC-NY,1,empire,breeze,2759.176470588235,1,-1
18.41,80.11,1,14,1,0,True,0,1,2023-06-30-DC-NY,1,empire,breeze,2753.9411764705883,1,-1
1.02,71.45,1,15,1,0,True,0,1,2023-06-30-DC-NY,1,empire,breeze,2748.7058823529414,1,-1
-4.92,81.2,1,16,1,0,True,0,1,2023-06-30-DC-NY,1,empire,breeze,2743.470588235294,1,-1
-16.51,89.45,1,17,1,0,True,0,1,2023-06-30-DC-NY,1,empire,breeze,2738.235294117647,1,-1
14.86,91.56,1,18,1,0,True,0,1,2023-06-30-DC-NY,1,empire,breeze,2733.0,1,-1
13.62,15.14,1,1,1,0,False,1,1,2023-06-30-DC-NY,2,empire,breeze,2732.0,1,0
12.53,22.13,1,2,1,0,False,1,1,2023-06-30-DC-NY,2,empire,breeze,2727.0588235294117,1,0
13.55,26.94,1,3,1,0,False,1,1,2023-06-30-DC-NY,2,empire,breeze,2722.1176470588234,1,0
7.79,21.69,1,4,1,0,False,1,1,2023-06-30-DC-NY,2,empire,breeze,2717.176470588235,1,0
19.67,36.91,1,5,1,0,False,1,1,2023-06-30-DC-NY,2,empire,breeze,2712.235294117647,1,0
15.3,42.37,1,6,1,0,False,1,1,2023-06-30-DC-NY,2,empire,breeze,2707.2941176470586,1,0
4.0,41.28,1,7,1,0,False,1,1,2023-06-30-DC-NY,2,empire,breeze,2702.3529411764707,1,0
1.31,37.35,1,8,1,0,False,1,1,2023-06-30-DC-NY,2,empire,breeze,2697.4117647058824,1,0
-7.44,34.51,1,9,1,0,False,1,1,2023-06-30-DC-NY,2,empire,breeze,2692.470588235294,1,0
-8.97,46.09,1,10,1,0,False,1,1,2023-06-30-DC-NY,2,empire,breeze,2687.529411764706,1,0
-19.6,49.07,1,11,1,0,False,1,1,2023-06-30-DC-NY,2,empire,breeze,2682.5882352941176,1,0
-20.04,60.14,1,12,1,0,False,1,1,2023-06-30-DC-NY,2,empire,breeze,2677.6470588235293,1,0
-16.62,71.06,1,13,1,0,False,1,1,2023-06-30-DC-NY,2,empire,breeze,2672.7058823529414,1,0
3.86,70.26,1,14,1,0,False,1,1,2023-06-30-DC-NY,2,empire,breeze,2667.764705882353,1,0
18.28,100.0,1,15,1,0,False,1,1,2023-06-30-DC-NY,2,empire,breeze,2662.823529411765,1,0
-7.22,93.85,1,16,1,0,False,1,1,2023-06-30-DC-NY,2,empire,breeze,2657.8823529411766,1,0
0.21,94.51,1,17,1,0,False,1,1,2023-06-30-DC-NY,2,empire,breeze,2652.9411764705883,1,0
-10.28,95.09,1,18,1,0,False,1,1,2023-06-30-DC-NY,2,empire,breeze,2648.0,1,0
-4.03,13.09,1,1,1,0,True,1,2,2023-06-30-DC-NY,3,empire,breeze,2647.0,1,-1
4.09,19.02,1,2,1,0,True,1,2,2023-06-30-DC-NY,3,empire,breeze,2639.5,1,-1
-0.48,26.79,1,3,1,0,True,1,2,2023-06-30-DC-NY,3,empire,breeze,2632.0,1,-1
-8.39,37.29,1,4,1,0,True,1,2,2023-06-30-DC-NY,3,empire,breeze,2624.5,1,-1
-1.64,88.22,1,5,1,0,True,1,2,2023-06-30-DC-NY,3,empire,breeze,2617.0,1,-1
13.18,17.47,1,1,1,0,False,2,2,2023-06-30-DC-NY,4,empire,breeze,2616.0,1,0
5.68,20.67,1,2,1,0,False,2,2,2023-06-30-DC-NY,4,empire,breeze,2611.1,1,0
5.02,30.72,1,3,1,0,False,2,2,2023-06-30-DC-NY,4,empire,breeze,2606.2,1,0
15.81,31.09,1,4,1,0,False,2,2,2023-06-30-DC-NY,4,empire,breeze,2601.3,1,0
2.11,27.08,1,5,1,0,False,2,2,2023-06-30-DC-NY,4,empire,breeze,2596.4,1,0
-16.03,45.36,1,6,1,0,False,2,2,2023-06-30-DC-NY,4,empire,breeze,2591.5,1,0
-15.38,39.32,1,7,1,0,False,2,2,2023-06-30-DC-NY,4,empire,breeze,2586.6,1,0
-2.34,39.83,1,8,1,0,False,2,2,2023-06-30-DC-NY,4,empire,breeze,2581.7,1,0
12.82,55.41,1,9,1,0,False,2,2,2023-06-30-DC-NY,4,empire,breeze,2576.8,1,0
-13.78,67.43,1,1,1,0,True,2,2,2023-06-30-DC-NY,4,empire,breeze,2571.9,1,0
-15.21,90.2,1,2,1,0,True,2,2,2023-06-30-DC-NY,4,empire,breeze,2567.0,1,0
-19.53,28.9,1,1,1,0,False,3,2,2023-06-30-DC-NY,5,empire,breeze,2566.0,1,1
-2.99,31.82,1,2,1,0,False,3,2,2023-06-30-DC-NY,5,empire,breeze,2561.818181818182,1,1
-24.7,44.78,1,3,1,0,False,3,2,2023-06-30-DC-NY,5,empire,breeze,2557.6363636363635,1,1
-15.67,49.66,1,4,1,0,False,3,2,2023-06-30-DC-NY,5,empire,breeze,2553.4545454545455,1,1
-4.52,65.31,1,5,1,0,False,3,2,2023-06-30-DC-NY,5,empire,breeze,2549.272727272727,1,1
2.69,69.83,1,6,1,0,False,3,2,2023-06-30-DC-NY,5,empire,breeze,2545.090909090909,1,1
-8.31,67.79,1,7,1,0,False,3,2,2023-06-30-DC-NY,5,empire,breeze,2540.909090909091,1,1
-11.59,76.6,1,8,1,0,False,3,2,2023-06-30-DC-NY,5,empire,breeze,2536.727272727273,1,1
3.71,84.68,1,9,1,0,False,3,2,2023-06-30-DC-NY,5,empire,breeze,2532.5454545454545,1,1
16.75,85.33,1,10,1,0,False,3,2,2023-06-30-DC-NY,5,empire,breeze,2528.3636363636365,1,1
5.24,80.02,1,11,1,0,False,3,2,2023-06-30-DC-NY,5,empire,breeze,2524.181818181818,1,1
2.25,84.68,1,12,1,0,False,3,2,2023-06-30-DC-NY,5,empire,breeze,2520.0,1,1
-2.39,30.06,1,1,1,0,True,3,3,2023-06-30-DC-NY,6,empire,breeze,2519.0,1,0
1.7,36.47,1,2,1,0,True,3,3,2023-06-30-DC-NY,6,empire,breeze,2513.1428571428573,1,0
-10.03,41.79,1,3,1,0,True,3,3,2023-06-30-DC-NY,6,empire,breeze,2507.285714285714,1,0
-18.9,58.02,1,4,1,0,True,3,3,2023-06-30-DC-NY,6,empire,breeze,2501.4285714285716,1,0
-8.73,50.38,1,5,1,0,True,3,3,2023-06-30-DC-NY,6,empire,breeze,2495.5714285714284,1,0
-2.32,66.13,1,6,1,0,True,3,3,2023-06-30-DC-NY,6,empire,breeze,2489.714285714286,1,0
14.93,69.68,1,7,1,0,True,3,3,2023-06-30-DC-NY,6,empire,breeze,2483.857142857143,1,0
14.93,78.54,1,8,1,0,True,3,3,2023-06-30-DC-NY,6,empire,breeze,2478.0,1,0
-7.58,10.19,1,1,1,0,False,4,3,2023-06-30-DC-NY,7,empire,breeze,2477.0,1,1
-2.85,24.97,1,2,1,0,False,4,3,2023-06-30-DC-NY,7,empire,breeze,2471.909090909091,1,1
18.5,39.39,1,3,1,0,False,4,3,2023-06-30-DC-NY,7,empire,breeze,2466.818181818182,1,1
4.73,33.34,1,4,1,0,False,4,3,2023-06-30-DC-NY,7,empire,breeze,2461.727272727273,1,1
-2.48,40.19,1,5,1,0,False,4,3,2023-06-30-DC-NY,7,empire,breeze,2456.6363636363635,1,1
-1.97,46.23,1,6,1,0,False,4,3,2023-06-30-DC-NY,7,empire,breeze,2451.5454545454545,1,1
15.81,59.34,1,7,1,0,False,4,3,2023-06-30-DC-NY,7,empire,breeze,2446.4545454545455,1,1
14.71,67.79,1,8,1,0,False,4,3,2023-06-30-DC-NY,7,empire,breeze,2441.3636363636365,1,1
10.27,59.34,1,9,1,0,False,4,3,2023-06-30-DC-NY,7,empire,breeze,2436.272727272727,1,1
17.19,75.0,1,10,1,0,False,4,3,2023-06-30-DC-NY,7,empire,breeze,2431.181818181818,1,1
10.34,68.3,1,11,1,0,False,4,3,2023-06-30-DC-NY,7,empire,breeze,2426.090909090909,1,1
19.59,68.73,1,12,1,0,False,4,3,2023-06-30-DC-NY,7,empire,breeze,2421.0,1,1
10.78,64.44,1,13,1,0,False,4,3,2023-06-30-DC-NY,7,empire,breeze,2415.909090909091,1,1
1.16,67.57,1,14,1,0,False,4,3,2023-06-30-DC-NY,7,empire,breeze,2410.818181818182,1,1
6.26,74.27,1,15,1,0,False,4,3,2023-06-30-DC-NY,7,empire,breeze,2405.727272727273,1,1
16.83,74.78,1,16,1,0,False,4,3,2023-06-30-DC-NY,7,empire,breeze,2400.6363636363635,1,1
10.41,72.81,1,17,1,0,False,4,3,2023-06-30-DC-NY,7,empire,breeze,2395.5454545454545,1,1
7.72,67.13,1,18,1,0,False,4,3,2023-06-30-DC-NY,7,empire,breeze,2390.4545454545455,1,1
-2.41,70.77,1,19,1,0,False,4,3,2023-06-30-DC-NY,7,empire,breeze,2385.3636363636365,1,1
-14.87,75.29,1,20,1,0,False,4,3,2023-06-30-DC-NY,7,empire,breeze,2380.2727272727275,1,1
-15.31,67.71,1,21,1,0,False,4,3,2023-06-30-DC-NY,7,empire,breeze,2375.181818181818,1,1
6.68,59.45,1,1,1,0,True,4,3,2023-06-30-DC-NY,7,empire,breeze,2370.090909090909,1,1
12.13,65.93,1,2,1,0,True,4,3,2023-06-30-DC-NY,7,empire,breeze,2365.0,1,1
6.99,9.53,1,1,1,0,False,5,3,2023-06-30-DC-NY,8,empire,breeze,2364.0,1,2
7.43,16.23,1,2,1,0,False,5,3,2023-06-30-DC-NY,8,empire,breeze,2358.6666666666665,1,2
6.92,21.48,1,3,1,0,False,5,3,2023-06-30-DC-NY,8,empire,breeze,2353.3333333333335,1,2
6.77,27.23,1,4,1,0,False,5,3,2023-06-30-DC-NY,8,empire,breeze,2348.0,1,2
11.0,23.66,1,5,1,0,False,5,3,2023-06-30-DC-NY,8,empire,breeze,2342.6666666666665,1,2
5.17,18.71,1,6,1,0,False,5,3,2023-06-30-DC-NY,8,empire,breeze,2337.3333333333335,1,2
-9.01,97.43,1,1,1,0,True,5,3,2023-06-30-DC-NY,8,empire,breeze,2332.0,1,2
8.74,11.43,1,1,1,0,False,6,3,2023-06-30-DC-NY,9,empire,breeze,2331.0,1,3
-1.83,23.44,1,2,1,0,False,6,3,2023-06-30-DC-NY,9,empire,breeze,2324.6,1,3
22.87,46.45,1,3,1,0,False,6,3,2023-06-30-DC-NY,9,empire,breeze,2318.2,1,3
15.22,60.36,1,4,1,0,False,6,3,2023-06-30-DC-NY,9,empire,breeze,2311.8,1,3
16.39,70.04,1,5,1,0,False,6,3,2023-06-30-DC-NY,9,empire,breeze,2305.4,1,3
12.82,81.26,1,6,1,0,False,6,3,2023-06-30-DC-NY,9,empire,breeze,2299.0,1,3
-11.05,14.11,1,1,1,0,True,6,4,2023-06-30-DC-NY,10,empire,breeze,2298.0,1,2
6.84,100.0,1,1,1,0,False,6,4,2023-06-30-DC-NY,10,empire,breeze,2291.777777777778,1,2
7.06,89.63,1,2,1,0,False,6,4,2023-06-30-DC-NY,10,empire,breeze,2285.5555555555557,1,2
1.74,83.59,1,3,1,0,False,6,4,2023-06-30-DC-NY,10,empire,breeze,2279.3333333333335,1,2
-6.71,83.08,1,4,1,0,False,6,4,2023-06-30-DC-NY,10,empire,breeze,2273.1111111111113,1,2
4.51,83.51,1,5,1,0,False,6,4,2023-06-30-DC-NY,10,empire,breeze,2266.8888888888887,1,2
-4.52,83.15,1,6,1,0,False,6,4,2023-06-30-DC-NY,10,empire,breeze,2260.6666666666665,1,2
3.78,79.51,1,7,1,0,False,6,4,2023-06-30-DC-NY,10,empire,breeze,2254.4444444444443,1,2
9.9,90.43,1,8,1,0,False,6,4,2023-06-30-DC-NY,10,empire,breeze,2248.222222222222,1,2
1.53,87.37,1,9,1,0,False,6,4,2023-06-30-DC-NY,10,empire,breeze,2242.0,1,2
8.11,24.0,1,1,1,0,True,6,5,2023-06-30-DC-NY,11,empire,breeze,2241.0,1,1
-1.16,26.45,1,2,1,0,True,6,5,2023-06-30-DC-NY,11,empire,breeze,2234.6,1,1
-6.28,35.72,1,3,1,0,True,6,5,2023-06-30-DC-NY,11,empire,breeze,2228.2,1,1
-11.12,48.34,1,4,1,0,True,6,5,2023-06-30-DC-NY,11,empire,breeze,2221.8,1,1
-14.74,60.68,1,5,1,0,True,6,5,2023-06-30-DC-NY,11,empire,breeze,2215.4,1,1
2.38,50.18,1,6,1,0,True,6,5,2023-06-30-DC-NY,11,empire,breeze,2209.0,1,1
-12.42,58.15,1,7,1,0,True,6,5,2023-06-30-DC-NY,11,empire,breeze,2202.6,1,1
-17.94,65.31,1,8,1,0,True,6,5,2023-06-30-DC-NY,11,empire,breeze,2196.2,1,1
-3.76,63.4,1,9,1,0,True,6,5,2023-06-30-DC-NY,11,empire,breeze,2189.8,1,1
-11.12,70.22,1,10,1,0,True,6,5,2023-06-30-DC-NY,11,empire,breeze,2183.4,1,1
-16.65,80.72,1,11,1,0,True,6,5,2023-06-30-DC-NY,11,empire,breeze,2177.0,1,1
6.33,9.32,1,1,1,0,False,7,5,2023-06-30-DC-NY,12,empire,breeze,2176.0,1,2
1.53,20.31,1,2,1,0,False,7,5,2023-06-30-DC-NY,12,empire,breeze,2171.0,1,2
1.89,30.72,1,3,1,0,False,7,5,2023-06-30-DC-NY,12,empire,breeze,2166.0,1,2
16.46,51.11,1,4,1,0,False,7,5,2023-06-30-DC-NY,12,empire,breeze,2161.0,1,2
0.0,40.0,1,1,2,0,True,7,5,2023-06-30-DC-NY,12,empire,breeze,2160.0,1,2
-18.21,48.54,1,2,2,0,True,7,5,2023-06-30-DC-NY,12,empire,breeze,2151.0,1,2
-24.56,65.72,1,3,2,0,True,7,5,2023-06-30-DC-NY,12,empire,breeze,2142.0,1,2
-7.51,20.0,1,1,2,0,False,7,5,2023-06-30-DC-NY,12,empire,breeze,2133.0,1,2
-0.22,20.6,1,2,2,0,False,7,5,2023-06-30-DC-NY,12,empire,breeze,2124.0,1,2
11.87,30.5,1,3,2,0,False,7,5,2023-06-30-DC-NY,12,empire,breeze,2115.0,1,2
15.22,45.21,1,4,2,0,False,7,5,2023-06-30-DC-NY,12,empire,breeze,2106.0,1,2
0.0,40.41,1,5,2,0,False,7,5,2023-06-30-DC-NY,12,empire,breeze,2097.0,1,2
-11.52,44.63,1,6,2,0,False,7,5,2023-06-30-DC-NY,12,empire,breeze,2088.0,1,2
14.66,11.93,1,1,2,0,True,7,6,2023-06-30-DC-NY,13,empire,breeze,2087.0,1,1
16.77,41.25,1,2,2,0,True,7,6,2023-06-30-DC-NY,13,empire,breeze,2077.6666666666665,1,1
2.59,98.65,1,3,2,0,True,7,6,2023-06-30-DC-NY,13,empire,breeze,2068.3333333333335,1,1
9.41,94.15,1,4,2,0,True,7,6,2023-06-30-DC-NY,13,empire,breeze,2059.0,1,1
-17.35,14.12,1,1,2,0,False,8,6,2023-06-30-DC-NY,14,empire,breeze,2058.0,1,2
-0.44,24.39,1,2,2,0,False,8,6,2023-06-30-DC-NY,14,empire,breeze,2053.85,1,2
-14.43,25.84,1,3,2,0,False,8,6,2023-06-30-DC-NY,14,empire,breeze,2049.7,1,2
-19.24,34.44,1,4,2,0,False,8,6,2023-06-30-DC-NY,14,empire,breeze,2045.55,1,2
-2.77,29.63,1,5,2,0,False,8,6,2023-06-30-DC-NY,14,empire,breeze,2041.4,1,2
10.34,30.5,1,6,2,0,False,8,6,2023-06-30-DC-NY,14,empire,breeze,2037.25,1,2
-1.1,34.0,1,7,2,0,False,8,6,2023-06-30-DC-NY,14,empire,breeze,2033.1,1,2
-10.28,33.85,1,8,2,0,False,8,6,2023-06-30-DC-NY,14,empire,breeze,2028.95,1,2
-19.46,52.64,1,9,2,0,False,8,6,2023-06-30-DC-NY,14,empire,breeze,2024.8,1,2
-19.6,63.78,1,10,2,0,False,8,6,2023-06-30-DC-NY,14,empire,breeze,2020.65,1,2
-18.66,70.41,1,11,2,0,False,8,6,2023-06-30-DC-NY,14,empire,breeze,2016.5,1,2
-14.87,79.58,1,12,2,0,False,8,6,2023-06-30-DC-NY,14,empire,breeze,2012.35,1,2
-16.4,85.04,1,13,2,0,False,8,6,2023-06-30-DC-NY,14,empire,breeze,2008.2,1,2
-6.42,80.89,1,14,2,0,False,8,6,2023-06-30-DC-NY,14,empire,breeze,2004.05,1,2
3.06,82.35,1,15,2,0,False,8,6,2023-06-30-DC-NY,14,empire,breeze,1999.9,1,2
-8.53,79.66,1,16,2,0,False,8,6,2023-06-30-DC-NY,14,empire,breeze,1995.75,1,2
-1.46,75.43,1,17,2,0,False,8,6,2023-06-30-DC-NY,14,empire,breeze,1991.6,1,2
-0.66,85.04,1,18,2,0,False,8,6,2023-06-30-DC-NY,14,empire,breeze,1987.45,1,2
4.59,81.62,1,19,2,0,False,8,6,2023-06-30-DC-NY,14,empire,breeze,1983.3,1,2
2.04,87.74,1,20,2,0,False,8,6,2023-06-30-DC-NY,14,empire,breeze,1979.15,1,2
-7.58,84.46,1,21,2,0,False,8,6,2023-06-30-DC-NY,14,empire,breeze,1975.0,1,2
16.3,9.34,1,1,2,0,True,8,7,2023-06-30-DC-NY,15,empire,breeze,1974.0,1,1
2.31,13.56,1,2,2,0,True,8,7,2023-06-30-DC-NY,15,empire,breeze,1968.7333333333333,1,1
0.34,28.56,1,3,2,0,True,8,7,2023-06-30-DC-NY,15,empire,breeze,1963.4666666666667,1,1
-4.51,39.54,1,4,2,0,True,8,7,2023-06-30-DC-NY,15,empire,breeze,1958.2,1,1
5.45,39.81,1,5,2,0,True,8,7,2023-06-30-DC-NY,15,empire,breeze,1952.9333333333334,1,1
-9.69,48.0,1,6,2,0,True,8,7,2023-06-30-DC-NY,15,empire,breeze,1947.6666666666667,1,1
-15.08,54.27,1,7,2,0,True,8,7,2023-06-30-DC-NY,15,empire,breeze,1942.4,1,1
-1.1,49.29,1,8,2,0,True,8,7,2023-06-30-DC-NY,15,empire,breeze,1937.1333333333332,1,1
15.61,54.61,1,9,2,0,True,8,7,2023-06-30-DC-NY,15,empire,breeze,1931.8666666666668,1,1
19.91,68.45,1,10,2,0,True,8,7,2023-06-30-DC-NY,15,empire,breeze,1926.6,1,1
9.88,60.2,1,11,2,0,True,8,7,2023-06-30-DC-NY,15,empire,breeze,1921.3333333333333,1,1
-1.71,63.68,1,12,2,0,True,8,7,2023-06-30-DC-NY,15,empire,breeze,1916.0666666666666,1,1
11.18,66.88,1,13,2,0,True,8,7,2023-06-30-DC-NY,15,empire,breeze,1910.8,1,1
2.72,59.59,1,14,2,0,True,8,7,2023-06-30-DC-NY,15,empire,breeze,1905.5333333333333,1,1
-4.03,55.02,1,15,2,0,True,8,7,2023-06-30-DC-NY,15,empire,breeze,1900.2666666666667,1,1
-15.15,68.18,1,16,2,0,True,8,7,2023-06-30-DC-NY,15,empire,breeze,1895.0,1,1
9.61,20.0,1,1,2,0,False,9,7,2023-06-30-DC-NY,16,empire,breeze,1894.0,1,2
-1.24,24.17,1,2,2,0,False,9,7,2023-06-30-DC-NY,16,empire,breeze,1888.8125,1,2
-16.91,35.38,1,3,2,0,False,9,7,2023-06-30-DC-NY,16,empire,breeze,1883.625,1,2
0.43,40.7,1,4,2,0,False,9,7,2023-06-30-DC-NY,16,empire,breeze,1878.4375,1,2
14.06,45.0,1,5,2,0,False,9,7,2023-06-30-DC-NY,16,empire,breeze,1873.25,1,2
14.64,59.34,1,6,2,0,False,9,7,2023-06-30-DC-NY,16,empire,breeze,1868.0625,1,2
-17.87,49.02,1,1,2,0,True,9,7,2023-06-30-DC-NY,16,empire,breeze,1862.875,1,2
-10.58,58.29,1,2,2,0,True,9,7,2023-06-30-DC-NY,16,empire,breeze,1857.6875,1,2
-2.66,49.15,1,3,2,0,True,9,7,2023-06-30-DC-NY,16,empire,breeze,1852.5,1,2
-19.24,61.49,1,4,2,0,True,9,7,2023-06-30-DC-NY,16,empire,breeze,1847.3125,1,2
-4.78,51.68,1,5,2,0,True,9,7,2023-06-30-DC-NY,16,empire,breeze,1842.125,1,2
-14.26,59.99,1,6,2,0,True,9,7,2023-06-30-DC-NY,16,empire,breeze,1836.9375,1,2
-17.53,69.54,1,7,2,0,True,9,7,2023-06-30-DC-NY,16,empire,breeze,1831.75,1,2
-18.42,80.45,1,8,2,0,True,9,7,2023-06-30-DC-NY,16,empire,breeze,1826.5625,1,2
-11.67,79.09,1,9,2,0,True,9,7,2023-06-30-DC-NY,16,empire,breeze,1821.375,1,2
0.68,75.47,1,10,2,0,True,9,7,2023-06-30-DC-NY,16,empire,breeze,1816.1875,1,2
10.36,82.77,1,11,2,0,True,9,7,2023-06-30-DC-NY,16,empire,breeze,1811.0,1,2
0.0,40.0,1,1,2,0,False,10,7,2023-06-30-DC-NY,17,empire,breeze,1810.0,1,3
16.24,40.26,1,2,2,0,False,10,7,2023-06-30-DC-NY,17,empire,breeze,1804.2857142857142,1,3
16.68,47.33,1,3,2,0,False,10,7,2023-06-30-DC-NY,17,empire,breeze,1798.5714285714284,1,3
20.32,67.2,1,4,2,0,False,10,7,2023-06-30-DC-NY,17,empire,breeze,1792.857142857143,1,3
21.27,80.53,1,5,2,0,False,10,7,2023-06-30-DC-NY,17,empire,breeze,1787.142857142857,1,3
14.86,69.46,1,6,2,0,False,10,7,2023-06-30-DC-NY,17,empire,breeze,1781.4285714285716,1,3
7.35,64.95,1,7,2,0,False,10,7,2023-06-30-DC-NY,17,empire,breeze,1775.7142857142858,1,3
-5.47,74.49,1,8,2,0,False,10,7,2023-06-30-DC-NY,17,empire,breeze,1770.0,1,3
-10.21,85.99,1,9,2,0,False,10,7,2023-06-30-DC-NY,17,empire,breeze,1764.2857142857142,1,3
-12.61,99.1,1,10,2,0,False,10,7,2023-06-30-DC-NY,17,empire,breeze,1758.5714285714284,1,3
-13.12,91.23,1,11,2,0,False,10,7,2023-06-30-DC-NY,17,empire,breeze,1752.857142857143,1,3
2.18,89.85,1,12,2,0,False,10,7,2023-06-30-DC-NY,17,empire,breeze,1747.142857142857,1,3
14.2,95.46,1,13,2,0,False,10,7,2023-06-30-DC-NY,17,empire,breeze,1741.4285714285716,1,3
-6.93,90.29,1,14,2,0,False,10,7,2023-06-30-DC-NY,17,empire,breeze,1735.7142857142858,1,3
-12.17,96.11,1,15,2,0,False,10,7,2023-06-30-DC-NY,17,empire,breeze,1730.0,1,3
1.5,16.63,1,1,2,0,True,10,8,2023-06-30-DC-NY,18,empire,breeze,1729.0,1,2
-0.28,34.4,1,2,2,0,True,10,8,2023-06-30-DC-NY,18,empire,breeze,1722.88,1,2
-14.74,39.34,1,3,2,0,True,10,8,2023-06-30-DC-NY,18,empire,breeze,1716.76,1,2
3.41,47.65,1,4,2,0,True,10,8,2023-06-30-DC-NY,18,empire,breeze,1710.6399999999999,1,2
-9.11,20.0,1,1,2,0,False,10,8,2023-06-30-DC-NY,18,empire,breeze,1704.52,1,2
5.9,20.09,1,2,2,0,False,10,8,2023-06-30-DC-NY,18,empire,breeze,1698.4,1,2
-10.13,20.97,1,3,2,0,False,10,8,2023-06-30-DC-NY,18,empire,breeze,1692.28,1,2
-15.96,30.29,1,4,2,0,False,10,8,2023-06-30-DC-NY,18,empire,breeze,1686.16,1,2
-10.28,20.0,1,5,2,0,False,10,8,2023-06-30-DC-NY,18,empire,breeze,1680.04,1,2
-8.24,30.5,1,6,2,0,False,10,8,2023-06-30-DC-NY,18,empire,breeze,1673.92,1,2
-7.0,45.65,1,7,2,0,False,10,8,2023-06-30-DC-NY,18,empire,breeze,1667.8,1,2
-13.51,20.04,2,1,2,0,True,10,8,2023-06-30-DC-NY,18,empire,breeze,1661.68,1,2
-1.3,16.56,2,2,2,0,True,10,8,2023-06-30-DC-NY,18,empire,breeze,1655.56,1,2
9.34,29.45,2,3,2,0,True,10,8,2023-06-30-DC-NY,18,empire,breeze,1649.44,1,2
7.09,39.75,2,4,2,0,True,10,8,2023-06-30-DC-NY,18,empire,breeze,1643.32,1,2
8.32,56.18,2,5,2,0,True,10,8,2023-06-30-DC-NY,18,empire,breeze,1637.2,1,2
10.23,63.81,2,6,2,0,True,10,8,2023-06-30-DC-NY,18,empire,breeze,1631.08,1,2
7.86,20.0,2,1,2,0,False,10,8,2023-06-30-DC-NY,18,empire,breeze,1624.96,1,2
-9.7,49.44,2,2,2,0,False,10,8,2023-06-30-DC-NY,18,empire,breeze,1618.84,1,2
-16.69,66.33,2,3,2,0,False,10,8,2023-06-30-DC-NY,18,empire,breeze,1612.72,1,2
-12.54,70.19,2,4,2,0,False,10,8,2023-06-30-DC-NY,18,empire,breeze,1606.6,1,2
-2.26,69.75,2,5,2,0,False,10,8,2023-06-30-DC-NY,18,empire,breeze,1600.48,1,2
4.08,73.47,2,6,2,0,False,10,8,2023-06-30-DC-NY,18,empire,breeze,1594.36,1,2
-7.73,82.2,2,7,2,0,False,10,8,2023-06-30-DC-NY,18,empire,breeze,1588.24,1,2
-13.48,87.74,2,8,2,0,False,10,8,2023-06-30-DC-NY,18,empire,breeze,1582.12,1,2
-9.84,94.44,2,9,2,0,False,10,8,2023-06-30-DC-NY,18,empire,breeze,1576.0,1,2
21.55,12.54,1,1,2,0,True,10,9,2023-06-30-DC-NY,19,empire,breeze,1575.0,1,1
4.09,16.09,1,2,2,0,True,10,9,2023-06-30-DC-NY,19,empire,breeze,1569.0,1,1
16.5,29.38,1,3,2,0,True,10,9,2023-06-30-DC-NY,19,empire,breeze,1563.0,1,1
10.02,45.68,1,4,2,0,True,10,9,2023-06-30-DC-NY,19,empire,breeze,1557.0,1,1
2.38,89.79,1,5,2,0,True,10,9,2023-06-30-DC-NY,19,empire,breeze,1551.0,1,1
-0.82,81.95,1,6,2,0,True,10,9,2023-06-30-DC-NY,19,empire,breeze,1545.0,1,1
-18.88,14.7,1,1,2,0,False,11,9,2023-06-30-DC-NY,20,empire,breeze,1544.0,1,2
-16.98,20.67,1,2,2,0,False,11,9,2023-06-30-DC-NY,20,empire,breeze,1538.578947368421,1,2
-20.11,30.5,1,3,2,0,False,11,9,2023-06-30-DC-NY,20,empire,breeze,1533.157894736842,1,2
-2.41,28.47,1,4,2,0,False,11,9,2023-06-30-DC-NY,20,empire,breeze,1527.7368421052631,1,2
11.73,30.58,1,5,2,0,False,11,9,2023-06-30-DC-NY,20,empire,breeze,1522.3157894736842,1,2
7.28,24.53,1,6,2,0,False,11,9,2023-06-30-DC-NY,20,empire,breeze,1516.8947368421052,1,2
-4.16,29.78,1,7,2,0,False,11,9,2023-06-30-DC-NY,20,empire,breeze,1511.4736842105262,1,2
10.56,31.23,1,8,2,0,False,11,9,2023-06-30-DC-NY,20,empire,breeze,1506.0526315789473,1,2
16.75,36.26,1,9,2,0,False,11,9,2023-06-30-DC-NY,20,empire,breeze,1500.6315789473683,1,2
4.51,31.96,1,10,2,0,False,11,9,2023-06-30-DC-NY,20,empire,breeze,1495.2105263157894,1,2
13.69,31.01,1,11,2,0,False,11,9,2023-06-30-DC-NY,20,empire,breeze,1489.7894736842104,1,2
13.47,39.46,1,12,2,0,False,11,9,2023-06-30-DC-NY,20,empire,breeze,1484.3684210526317,1,2
-13.27,54.97,1,13,2,0,False,11,9,2023-06-30-DC-NY,20,empire,breeze,1478.9473684210527,1,2
-6.13,49.66,1,14,2,0,False,11,9,2023-06-30-DC-NY,20,empire,breeze,1473.5263157894738,1,2
25.09,51.06,1,1,2,0,True,11,9,2023-06-30-DC-NY,20,empire,breeze,1468.1052631578948,1,2
24.21,58.43,1,2,2,0,True,11,9,2023-06-30-DC-NY,20,empire,breeze,1462.6842105263158,1,2
-10.5,20.31,2,1,2,0,False,11,9,2023-06-30-DC-NY,20,empire,breeze,1457.2631578947369,1,2
-17.13,38.51,2,2,2,0,False,11,9,2023-06-30-DC-NY,20,empire,breeze,1451.842105263158,1,2
15.37,48.56,2,3,2,0,False,11,9,2023-06-30-DC-NY,20,empire,breeze,1446.421052631579,1,2
14.64,60.36,2,4,2,0,False,11,9,2023-06-30-DC-NY,20,empire,breeze,1441.0,1,2
1.6,9.1,1,1,3,0,False,11,9,2023-06-30-DC-NY,20,empire,breeze,1440.0,1,2
0.36,21.55,1,2,3,0,False,11,9,2023-06-30-DC-NY,20,empire,breeze,1434.4,1,2
0.29,28.47,1,3,3,0,False,11,9,2023-06-30-DC-NY,20,empire,breeze,1428.8,1,2
6.19,30.72,1,4,3,0,False,11,9,2023-06-30-DC-NY,20,empire,breeze,1423.2,1,2
12.02,50.6,1,5,3,0,False,11,9,2023-06-30-DC-NY,20,empire,breeze,1417.6,1,2
16.83,60.21,1,6,3,0,False,11,9,2023-06-30-DC-NY,20,empire,breeze,1412.0,1,2
-0.89,10.22,1,1,3,0,True,11,10,2023-06-30-DC-NY,21,empire,breeze,1411.0,1,1
1.5,23.18,1,2,3,0,True,11,10,2023-06-30-DC-NY,21,empire,breeze,1404.3,1,1
-12.28,35.52,1,3,3,0,True,11,10,2023-06-30-DC-NY,21,empire,breeze,1397.6,1,1
26.66,69.53,1,1,3,0,False,11,10,2023-06-30-DC-NY,21,empire,breeze,1390.9,1,1
6.7,64.51,1,2,3,0,False,11,10,2023-06-30-DC-NY,21,empire,breeze,1384.2,1,1
7.43,68.59,1,3,3,0,False,11,10,2023-06-30-DC-NY,21,empire,breeze,1377.5,1,1
-0.73,78.05,1,4,3,0,False,11,10,2023-06-30-DC-NY,21,empire,breeze,1370.8,1,1
-1.32,77.03,1,5,3,0,False,11,10,2023-06-30-DC-NY,21,empire,breeze,1364.1,1,1
17.8,22.7,3,1,3,0,True,11,10,2023-06-30-DC-NY,21,empire,breeze,1357.4,1,1
13.64,30.61,3,2,3,0,True,11,10,2023-06-30-DC-NY,21,empire,breeze,1350.7,1,1
-5.8,27.47,3,3,3,0,True,11,10,2023-06-30-DC-NY,21,empire,breeze,1344.0,1,1
-12.62,35.65,3,4,3,0,True,11,10,2023-06-30-DC-NY,21,empire,breeze,1337.3,1,1
-18.69,55.06,3,5,3,0,True,11,10,2023-06-30-DC-NY,21,empire,breeze,1330.6,1,1
-1.91,51.2,3,6,3,0,True,11,10,2023-06-30-DC-NY,21,empire,breeze,1323.9,1,1
-2.6,61.36,3,7,3,0,True,11,10,2023-06-30-DC-NY,21,empire,breeze,1317.2,1,1
7.7,65.25,3,8,3,0,True,11,10,2023-06-30-DC-NY,21,empire,breeze,1310.5,1,1
15.07,74.52,3,9,3,0,True,11,10,2023-06-30-DC-NY,21,empire,breeze,1303.8,1,1
15.34,63.95,3,10,3,0,True,11,10,2023-06-30-DC-NY,21,empire,breeze,1297.1,1,1
5.25,61.15,3,11,3,0,True,11,10,2023-06-30-DC-NY,21,empire,breeze,1290.4,1,1
-9.35,62.99,3,12,3,0,True,11,10,2023-06-30-DC-NY,21,empire,breeze,1283.7,1,1
-16.92,83.65,3,13,3,0,True,11,10,2023-06-30-DC-NY,21,empire,breeze,1277.0,1,1
-0.81,10.55,1,1,3,0,False,12,10,2023-06-30-DC-NY,22,empire,breeze,1276.0,1,2
-4.74,21.84,1,2,3,0,False,12,10,2023-06-30-DC-NY,22,empire,breeze,1266.4444444444443,1,2
-23.47,31.09,1,3,3,0,False,12,10,2023-06-30-DC-NY,22,empire,breeze,1256.888888888889,1,2
-23.03,55.0,1,4,3,0,False,12,10,2023-06-30-DC-NY,22,empire,breeze,1247.3333333333335,1,2
-1.97,49.44,1,5,3,0,False,12,10,2023-06-30-DC-NY,22,empire,breeze,1237.7777777777778,1,2
-16.47,60.65,1,6,3,0,False,12,10,2023-06-30-DC-NY,22,empire,breeze,1228.2222222222222,1,2
-5.32,54.68,1,7,3,0,False,12,10,2023-06-30-DC-NY,22,empire,breeze,1218.6666666666667,1,2
-8.89,63.05,1,8,3,0,False,12,10,2023-06-30-DC-NY,22,empire,breeze,1209.111111111111,1,2
-13.05,80.67,1,9,3,0,False,12,10,2023-06-30-DC-NY,22,empire,breeze,1199.5555555555557,1,2
-14.36,95.97,1,10,3,0,False,12,10,2023-06-30-DC-NY,22,empire,breeze,1190.0,1,2
4.36,15.47,1,1,3,0,True,12,11,2023-06-30-DC-NY,23,empire,breeze,1189.0,1,1
-1.03,28.77,1,2,3,0,True,12,11,2023-06-30-DC-NY,23,empire,breeze,1182.7142857142858,1,1
9.34,38.38,1,3,3,0,True,12,11,2023-06-30-DC-NY,23,empire,breeze,1176.4285714285716,1,1
12.68,50.79,1,4,3,0,True,12,11,2023-06-30-DC-NY,23,empire,breeze,1170.142857142857,1,1
17.39,58.36,1,5,3,0,True,12,11,2023-06-30-DC-NY,23,empire,breeze,1163.857142857143,1,1
-1.78,59.93,1,6,3,0,True,12,11,2023-06-30-DC-NY,23,empire,breeze,1157.5714285714284,1,1
-9.01,63.54,1,7,3,0,True,12,11,2023-06-30-DC-NY,23,empire,breeze,1151.2857142857142,1,1
-19.24,73.9,1,8,3,0,True,12,11,2023-06-30-DC-NY,23,empire,breeze,1145.0,1,1
13.91,14.27,1,1,3,0,False,13,11,2023-06-30-DC-NY,24,empire,breeze,1144.0,1,2
1.16,20.97,1,2,3,0,False,13,11,2023-06-30-DC-NY,24,empire,breeze,1139.9285714285716,1,2
-13.48,24.61,1,3,3,0,False,13,11,2023-06-30-DC-NY,24,empire,breeze,1135.857142857143,1,2
-16.91,35.82,1,4,3,0,False,13,11,2023-06-30-DC-NY,24,empire,breeze,1131.7857142857142,1,2
-15.82,45.21,1,5,3,0,False,13,11,2023-06-30-DC-NY,24,empire,breeze,1127.7142857142858,1,2
-4.96,36.62,1,6,3,0,False,13,11,2023-06-30-DC-NY,24,empire,breeze,1123.642857142857,1,2
9.47,34.8,1,7,3,0,False,13,11,2023-06-30-DC-NY,24,empire,breeze,1119.5714285714284,1,2
11.0,43.47,1,8,3,0,False,13,11,2023-06-30-DC-NY,24,empire,breeze,1115.5,1,2
11.65,59.78,1,9,3,0,False,13,11,2023-06-30-DC-NY,24,empire,breeze,1111.4285714285716,1,2
2.98,54.39,1,10,3,0,False,13,11,2023-06-30-DC-NY,24,empire,breeze,1107.357142857143,1,2
15.51,65.89,1,11,3,0,False,13,11,2023-06-30-DC-NY,24,empire,breeze,1103.2857142857142,1,2
7.65,70.19,1,12,3,0,False,13,11,2023-06-30-DC-NY,24,empire,breeze,1099.2142857142858,1,2
-4.74,69.39,1,13,3,0,False,13,11,2023-06-30-DC-NY,24,empire,breeze,1095.142857142857,1,2
-12.76,79.22,1,14,3,0,False,13,11,2023-06-30-DC-NY,24,empire,breeze,1091.0714285714284,1,2
-14.72,97.28,1,15,3,0,False,13,11,2023-06-30-DC-NY,24,empire,breeze,1087.0,1,2
12.27,16.43,1,1,3,0,True,13,12,2023-06-30-DC-NY,25,empire,breeze,1086.0,1,1
-2.6,23.79,1,2,3,0,True,13,12,2023-06-30-DC-NY,25,empire,breeze,1079.7619047619048,1,1
10.91,34.7,1,3,3,0,True,13,12,2023-06-30-DC-NY,25,empire,breeze,1073.5238095238096,1,1
6.48,20.24,1,1,3,0,False,13,12,2023-06-30-DC-NY,25,empire,breeze,1067.2857142857142,1,1
17.48,35.53,1,2,3,0,False,13,12,2023-06-30-DC-NY,25,empire,breeze,1061.047619047619,1,1
17.19,45.5,1,3,3,0,False,13,12,2023-06-30-DC-NY,25,empire,breeze,1054.8095238095239,1,1
-0.62,30.06,2,1,3,0,True,13,12,2023-06-30-DC-NY,25,empire,breeze,1048.5714285714284,1,1
7.7,36.47,2,2,3,0,True,13,12,2023-06-30-DC-NY,25,empire,breeze,1042.3333333333333,1,1
-0.96,42.88,2,3,3,0,True,13,12,2023-06-30-DC-NY,25,empire,breeze,1036.095238095238,1,1
0.2,31.29,2,4,3,0,True,13,12,2023-06-30-DC-NY,25,empire,breeze,1029.857142857143,1,1
11.11,40.5,2,5,3,0,True,13,12,2023-06-30-DC-NY,25,empire,breeze,1023.6190476190476,1,1
-0.28,37.97,2,6,3,0,True,13,12,2023-06-30-DC-NY,25,empire,breeze,1017.3809523809524,1,1
-7.71,49.95,2,7,3,0,True,13,12,2023-06-30-DC-NY,25,empire,breeze,1011.1428571428571,1,1
-11.74,67.7,2,8,3,0,True,13,12,2023-06-30-DC-NY,25,empire,breeze,1004.9047619047619,1,1
-11.33,75.47,2,9,3,0,True,13,12,2023-06-30-DC-NY,25,empire,breeze,998.6666666666667,1,1
-19.31,20.31,2,1,3,0,False,13,12,2023-06-30-DC-NY,25,empire,breeze,992.4285714285714,1,1
-15.96,30.21,2,2,3,0,False,13,12,2023-06-30-DC-NY,25,empire,breeze,986.1904761904761,1,1
-19.17,39.46,2,3,3,0,False,13,12,2023-06-30-DC-NY,25,empire,breeze,979.952380952381,1,1
-9.11,33.71,2,4,3,0,False,13,12,2023-06-30-DC-NY,25,empire,breeze,973.7142857142858,1,1
3.78,40.04,2,5,3,0,False,13,12,2023-06-30-DC-NY,25,empire,breeze,967.4761904761905,1,1
12.75,36.91,2,6,3,0,False,13,12,2023-06-30-DC-NY,25,empire,breeze,961.2380952380952,1,1
14.71,43.98,2,7,3,0,False,13,12,2023-06-30-DC-NY,25,empire,breeze,955.0,1,1
-1.17,50.24,2,8,3,0,False,13,12,2023-06-30-DC-NY,25,empire,breeze,948.7619047619048,1,1
-18.66,64.73,2,9,3,0,False,13,12,2023-06-30-DC-NY,25,empire,breeze,942.5238095238095,1,1
8.45,20.25,3,1,3,0,True,13,12,2023-06-30-DC-NY,25,empire,breeze,936.2857142857142,1,1
16.3,40.15,3,2,3,0,True,13,12,2023-06-30-DC-NY,25,empire,breeze,930.047619047619,1,1
18.34,49.7,3,3,3,0,True,13,12,2023-06-30-DC-NY,25,empire,breeze,923.8095238095239,1,1
5.86,46.22,3,4,3,0,True,13,12,2023-06-30-DC-NY,25,empire,breeze,917.5714285714286,1,1
-11.26,54.13,3,5,3,0,True,13,12,2023-06-30-DC-NY,25,empire,breeze,911.3333333333334,1,1
0.4,35.25,3,6,3,0,True,13,12,2023-06-30-DC-NY,25,empire,breeze,905.0952380952381,1,1
9.34,45.68,3,7,3,0,True,13,12,2023-06-30-DC-NY,25,empire,breeze,898.8571428571429,1,1
12.82,59.38,3,8,3,0,True,13,12,2023-06-30-DC-NY,25,empire,breeze,892.6190476190476,1,1
18.95,68.93,3,9,3,0,True,13,12,2023-06-30-DC-NY,25,empire,breeze,886.3809523809524,1,1
20.11,76.43,3,10,3,0,True,13,12,2023-06-30-DC-NY,25,empire,breeze,880.1428571428571,1,1
-15.82,19.36,3,1,3,0,False,13,12,2023-06-30-DC-NY,25,empire,breeze,873.9047619047619,1,1
0.29,20.89,3,2,3,0,False,13,12,2023-06-30-DC-NY,25,empire,breeze,867.6666666666666,1,1
11.8,23.22,3,3,3,0,False,13,12,2023-06-30-DC-NY,25,empire,breeze,861.4285714285714,1,1
-1.24,19.87,3,4,3,0,False,13,12,2023-06-30-DC-NY,25,empire,breeze,855.1904761904761,1,1
-13.85,22.06,3,5,3,0,False,13,12,2023-06-30-DC-NY,25,empire,breeze,848.952380952381,1,1
-14.36,27.59,3,6,3,0,False,13,12,2023-06-30-DC-NY,25,empire,breeze,842.7142857142858,1,1
-18.66,40.55,3,7,3,0,False,13,12,2023-06-30-DC-NY,25,empire,breeze,836.4761904761905,1,1
5.68,40.84,3,8,3,0,False,13,12,2023-06-30-DC-NY,25,empire,breeze,830.2380952380952,1,1
16.97,55.12,3,9,3,0,False,13,12,2023-06-30-DC-NY,25,empire,breeze,824.0,1,1
-10.92,11.04,1,1,3,0,True,13,13,2023-06-30-DC-NY,26,empire,breeze,823.0,1,0
-2.39,26.38,1,2,3,0,True,13,13,2023-06-30-DC-NY,26,empire,breeze,818.6111111111111,1,0
12.95,34.56,1,3,3,0,True,13,13,2023-06-30-DC-NY,26,empire,breeze,814.2222222222222,1,0
-0.89,35.31,1,4,3,0,True,13,13,2023-06-30-DC-NY,26,empire,breeze,809.8333333333334,1,0
18.65,64.44,1,1,3,0,False,13,13,2023-06-30-DC-NY,26,empire,breeze,805.4444444444445,1,0
1.09,64.66,1,2,3,0,False,13,13,2023-06-30-DC-NY,26,empire,breeze,801.0555555555555,1,0
2.98,71.06,1,3,3,0,False,13,13,2023-06-30-DC-NY,26,empire,breeze,796.6666666666666,1,0
2.4,64.66,1,4,3,0,False,13,13,2023-06-30-DC-NY,26,empire,breeze,792.2777777777778,1,0
-11.44,64.36,1,5,3,0,False,13,13,2023-06-30-DC-NY,26,empire,breeze,787.8888888888889,1,0
1.53,70.41,1,6,3,0,False,13,13,2023-06-30-DC-NY,26,empire,breeze,783.5,1,0
-16.47,74.27,1,7,3,0,False,13,13,2023-06-30-DC-NY,26,empire,breeze,779.1111111111111,1,0
-8.53,72.81,1,8,3,0,False,13,13,2023-06-30-DC-NY,26,empire,breeze,774.7222222222222,1,0
-10.21,67.57,1,9,3,0,False,13,13,2023-06-30-DC-NY,26,empire,breeze,770.3333333333334,1,0
-16.25,97.64,1,10,3,0,False,13,13,2023-06-30-DC-NY,26,empire,breeze,765.9444444444445,1,0
-16.4,89.92,1,11,3,0,False,13,13,2023-06-30-DC-NY,26,empire,breeze,761.5555555555555,1,0
-4.74,85.33,1,12,3,0,False,13,13,2023-06-30-DC-NY,26,empire,breeze,757.1666666666666,1,0
3.27,88.76,1,13,3,0,False,13,13,2023-06-30-DC-NY,26,empire,breeze,752.7777777777778,1,0
2.76,82.42,1,14,3,0,False,13,13,2023-06-30-DC-NY,26,empire,breeze,748.3888888888889,1,0
12.53,87.88,1,15,3,0,False,13,13,2023-06-30-DC-NY,26,empire,breeze,744.0,1,0
6.2,0.4,1,1,3,0,True,13,14,2023-06-30-DC-NY,27,empire,breeze,743.0,1,-1
18.68,26.31,1,2,3,0,True,13,14,2023-06-30-DC-NY,27,empire,breeze,739.3333333333334,1,-1
7.97,33.81,1,3,3,0,True,13,14,2023-06-30-DC-NY,27,empire,breeze,735.6666666666666,1,-1
-1.85,41.11,1,4,3,0,True,13,14,2023-06-30-DC-NY,27,empire,breeze,732.0,1,-1
1.29,49.09,1,5,3,0,True,13,14,2023-06-30-DC-NY,27,empire,breeze,728.3333333333334,1,-1
-1.23,61.09,1,6,3,0,True,13,14,2023-06-30-DC-NY,27,empire,breeze,724.6666666666666,1,-1
11.45,60.95,1,7,3,0,True,13,14,2023-06-30-DC-NY,27,empire,breeze,721.0,1,-1
9.47,12.54,1,1,4,0,True,14,14,2023-06-30-DC-NY,28,empire,breeze,720.0,1,0
-1.03,26.18,1,2,4,0,True,14,14,2023-06-30-DC-NY,28,empire,breeze,713.9166666666666,1,0
-5.39,40.22,1,3,4,0,True,14,14,2023-06-30-DC-NY,28,empire,breeze,707.8333333333334,1,0
-10.64,52.02,1,4,4,0,True,14,14,2023-06-30-DC-NY,28,empire,breeze,701.75,1,0
-17.53,65.25,1,5,4,0,True,14,14,2023-06-30-DC-NY,28,empire,breeze,695.6666666666666,1,0
-20.19,80.45,1,6,4,0,True,14,14,2023-06-30-DC-NY,28,empire,breeze,689.5833333333334,1,0
-15.08,84.68,1,7,4,0,True,14,14,2023-06-30-DC-NY,28,empire,breeze,683.5,1,0
-12.14,71.18,1,8,4,0,True,14,14,2023-06-30-DC-NY,28,empire,breeze,677.4166666666666,1,0
1.36,73.15,1,9,4,0,True,14,14,2023-06-30-DC-NY,28,empire,breeze,671.3333333333334,1,0
14.66,81.13,1,10,4,0,True,14,14,2023-06-30-DC-NY,28,empire,breeze,665.25,1,0
11.18,71.18,1,11,4,0,True,14,14,2023-06-30-DC-NY,28,empire,breeze,659.1666666666666,1,0
-1.37,66.4,1,12,4,0,True,14,14,2023-06-30-DC-NY,28,empire,breeze,653.0833333333334,1,0
15.34,70.97,1,13,4,0,True,14,14,2023-06-30-DC-NY,28,empire,breeze,647.0,1,0
9.83,9.83,1,1,4,0,False,15,14,2023-06-30-DC-NY,29,empire,breeze,646.0,1,1
2.91,20.46,1,2,4,0,False,15,14,2023-06-30-DC-NY,29,empire,breeze,639.2,1,1
-16.58,99.13,1,1,4,0,True,15,14,2023-06-30-DC-NY,29,empire,breeze,632.4,1,1
-15.01,91.84,1,2,4,0,True,15,14,2023-06-30-DC-NY,29,empire,breeze,625.6,1,1
2.93,86.79,1,3,4,0,True,15,14,2023-06-30-DC-NY,29,empire,breeze,618.8,1,1
-3.69,94.84,1,4,4,0,True,15,14,2023-06-30-DC-NY,29,empire,breeze,612.0,1,1
1.16,10.41,1,1,4,0,False,16,14,2023-06-30-DC-NY,30,empire,breeze,611.0,1,2
-10.5,20.6,1,2,4,0,False,16,14,2023-06-30-DC-NY,30,empire,breeze,605.2857142857143,1,2
5.75,20.82,1,3,4,0,False,16,14,2023-06-30-DC-NY,30,empire,breeze,599.5714285714286,1,2
-0.15,29.49,1,4,4,0,False,16,14,2023-06-30-DC-NY,30,empire,breeze,593.8571428571429,1,2
-1.71,19.43,1,1,4,0,True,16,14,2023-06-30-DC-NY,30,empire,breeze,588.1428571428571,1,2
-15.28,30.27,1,2,4,0,True,16,14,2023-06-30-DC-NY,30,empire,breeze,582.4285714285714,1,2
-19.92,49.15,1,3,4,0,True,16,14,2023-06-30-DC-NY,30,empire,breeze,576.7142857142857,1,2
5.59,56.18,1,4,4,0,True,16,14,2023-06-30-DC-NY,30,empire,breeze,571.0,1,2
-0.76,64.15,1,5,4,0,True,16,14,2023-06-30-DC-NY,30,empire,breeze,565.2857142857143,1,2
16.43,70.15,1,6,4,0,True,16,14,2023-06-30-DC-NY,30,empire,breeze,559.5714285714286,1,2
14.66,79.9,1,7,4,0,True,16,14,2023-06-30-DC-NY,30,empire,breeze,553.8571428571429,1,2
0.4,79.09,1,8,4,0,True,16,14,2023-06-30-DC-NY,30,empire,breeze,548.1428571428571,1,2
-10.51,70.56,1,9,4,0,True,16,14,2023-06-30-DC-NY,30,empire,breeze,542.4285714285714,1,2
-3.96,62.99,1,10,4,0,True,16,14,2023-06-30-DC-NY,30,empire,breeze,536.7142857142857,1,2
-19.92,78.47,1,11,4,0,True,16,14,2023-06-30-DC-NY,30,empire,breeze,531.0,1,2
1.67,19.73,1,1,4,0,False,17,14,2023-06-30-DC-NY,31,empire,breeze,530.0,1,3
0.94,24.68,1,2,4,0,False,17,14,2023-06-30-DC-NY,31,empire,breeze,524.3243243243244,1,3
-10.35,29.92,1,3,4,0,False,17,14,2023-06-30-DC-NY,31,empire,breeze,518.6486486486486,1,3
-13.05,36.55,1,4,4,0,False,17,14,2023-06-30-DC-NY,31,empire,breeze,512.972972972973,1,3
24.55,64.36,1,1,4,0,True,17,14,2023-06-30-DC-NY,31,empire,breeze,507.2972972972973,1,3
13.16,57.06,1,2,4,0,True,17,14,2023-06-30-DC-NY,31,empire,breeze,501.6216216216216,1,3
3.61,55.36,1,3,4,0,True,17,14,2023-06-30-DC-NY,31,empire,breeze,495.94594594594594,1,3
-6.01,57.54,1,4,4,0,True,17,14,2023-06-30-DC-NY,31,empire,breeze,490.27027027027026,1,3
5.04,60.0,1,5,4,0,True,17,14,2023-06-30-DC-NY,31,empire,breeze,484.5945945945946,1,3
17.05,65.86,1,6,4,0,True,17,14,2023-06-30-DC-NY,31,empire,breeze,478.9189189189189,1,3
1.02,61.29,1,7,4,0,True,17,14,2023-06-30-DC-NY,31,empire,breeze,473.2432432432432,1,3
-12.08,57.47,1,8,4,0,True,17,14,2023-06-30-DC-NY,31,empire,breeze,467.56756756756755,1,3
10.91,58.02,1,9,4,0,True,17,14,2023-06-30-DC-NY,31,empire,breeze,461.8918918918919,1,3
-3.01,55.15,1,10,4,0,True,17,14,2023-06-30-DC-NY,31,empire,breeze,456.21621621621625,1,3
-12.97,20.82,2,1,4,0,False,17,14,2023-06-30-DC-NY,31,empire,breeze,450.5405405405405,1,3
-14.29,34.73,2,2,4,0,False,17,14,2023-06-30-DC-NY,31,empire,breeze,444.8648648648649,1,3
-15.82,40.63,2,3,4,0,False,17,14,2023-06-30-DC-NY,31,empire,breeze,439.18918918918916,1,3
-16.76,56.06,2,4,4,0,False,17,14,2023-06-30-DC-NY,31,empire,breeze,433.51351351351354,1,3
12.95,20.52,2,1,4,0,True,17,14,2023-06-30-DC-NY,31,empire,breeze,427.8378378378378,1,3
20.39,28.93,2,2,4,0,True,17,14,2023-06-30-DC-NY,31,empire,breeze,422.1621621621622,1,3
21.61,45.2,2,3,4,0,True,17,14,2023-06-30-DC-NY,31,empire,breeze,416.48648648648646,1,3
13.29,53.72,2,4,4,0,True,17,14,2023-06-30-DC-NY,31,empire,breeze,410.81081081081084,1,3
7.91,46.56,2,5,4,0,True,17,14,2023-06-30-DC-NY,31,empire,breeze,405.13513513513516,1,3
-1.64,46.15,2,6,4,0,True,17,14,2023-06-30-DC-NY,31,empire,breeze,399.4594594594595,1,3
9.69,20.82,3,1,4,0,False,17,14,2023-06-30-DC-NY,31,empire,breeze,393.7837837837838,1,3
14.28,30.87,3,2,4,0,False,17,14,2023-06-30-DC-NY,31,empire,breeze,388.1081081081081,1,3
16.9,40.99,3,3,4,0,False,17,14,2023-06-30-DC-NY,31,empire,breeze,382.43243243243245,1,3
0.29,34.58,3,4,4,0,False,17,14,2023-06-30-DC-NY,31,empire,breeze,376.7567567567568,1,3
-9.77,40.26,3,5,4,0,False,17,14,2023-06-30-DC-NY,31,empire,breeze,371.0810810810811,1,3
-17.49,39.24,3,6,4,0,False,17,14,2023-06-30-DC-NY,31,empire,breeze,365.4054054054054,1,3
-13.41,40.26,3,7,4,0,False,17,14,2023-06-30-DC-NY,31,empire,breeze,359.72972972972974,1,3
-4.96,50.89,3,8,4,0,False,17,14,2023-06-30-DC-NY,31,empire,breeze,354.05405405405406,1,3
-2.12,55.48,3,9,4,0,False,17,14,2023-06-30-DC-NY,31,empire,breeze,348.3783783783784,1,3
5.61,54.75,3,10,4,0,False,17,14,2023-06-30-DC-NY,31,empire,breeze,342.7027027027027,1,3
1.6,49.73,3,11,4,0,False,17,14,2023-06-30-DC-NY,31,empire,breeze,337.02702702702703,1,3
-1.32,59.63,3,12,4,0,False,17,14,2023-06-30-DC-NY,31,empire,breeze,331.35135135135135,1,3
-16.25,90.43,3,13,4,0,False,17,14,2023-06-30-DC-NY,31,empire,breeze,325.6756756756757,1,3
-16.25,98.81,3,14,4,0,False,17,14,2023-06-30-DC-NY,31,empire,breeze,320.0,1,3
0.61,4.15,1,1,4,0,True,17,15,2023-06-30-DC-NY,32,empire,breeze,319.0,1,2
0.2,25.7,1,2,4,0,True,17,15,2023-06-30-DC-NY,32,empire,breeze,313.4,1,2
13.23,39.13,1,3,4,0,True,17,15,2023-06-30-DC-NY,32,empire,breeze,307.8,1,2
1.7,46.63,1,4,4,0,True,17,15,2023-06-30-DC-NY,32,empire,breeze,302.2,1,2
0.13,38.65,1,5,4,0,True,17,15,2023-06-30-DC-NY,32,empire,breeze,296.6,1,2
7.57,43.56,1,6,4,0,True,17,15,2023-06-30-DC-NY,32,empire,breeze,291.0,1,2
-0.07,38.04,1,7,4,0,True,17,15,2023-06-30-DC-NY,32,empire,breeze,285.4,1,2
-17.53,47.59,1,8,4,0,True,17,15,2023-06-30-DC-NY,32,empire,breeze,279.8,1,2
1.36,40.09,1,9,4,0,True,17,15,2023-06-30-DC-NY,32,empire,breeze,274.2,1,2
-8.19,46.22,1,10,4,0,True,17,15,2023-06-30-DC-NY,32,empire,breeze,268.6,1,2
2.86,49.56,1,11,4,0,True,17,15,2023-06-30-DC-NY,32,empire,breeze,263.0,1,2
23.97,16.09,1,1,4,0,False,18,15,2023-06-30-DC-NY,33,empire,breeze,262.0,1,3
-0.15,20.16,1,2,4,0,False,18,15,2023-06-30-DC-NY,33,empire,breeze,255.75,1,3
-12.54,19.29,1,3,4,0,False,18,15,2023-06-30-DC-NY,33,empire,breeze,249.5,1,3
4.88,20.16,1,4,4,0,False,18,15,2023-06-30-DC-NY,33,empire,breeze,243.25,1,3
-5.54,19.95,1,5,4,0,False,18,15,2023-06-30-DC-NY,33,empire,breeze,237.0,1,3
7.72,29.92,1,6,4,0,False,18,15,2023-06-30-DC-NY,33,empire,breeze,230.75,1,3
12.89,40.12,1,7,4,0,False,18,15,2023-06-30-DC-NY,33,empire,breeze,224.5,1,3
12.75,33.56,1,8,4,0,False,18,15,2023-06-30-DC-NY,33,empire,breeze,218.25,1,3
17.19,51.62,1,9,4,0,False,18,15,2023-06-30-DC-NY,33,empire,breeze,212.0,1,3
2.04,7.63,1,1,4,0,True,18,16,2023-06-30-DC-NY,34,empire,breeze,211.0,1,2
0.2,24.27,1,2,4,0,True,18,16,2023-06-30-DC-NY,34,empire,breeze,205.0,1,2
3.68,68.93,1,3,4,0,True,18,16,2023-06-30-DC-NY,34,empire,breeze,199.0,1,2
13.57,62.45,1,4,4,0,True,18,16,2023-06-30-DC-NY,34,empire,breeze,193.0,1,2
17.66,78.2,1,5,4,0,True,18,16,2023-06-30-DC-NY,34,empire,breeze,187.0,1,2
23.05,96.2,1,6,4,0,True,18,16,2023-06-30-DC-NY,34,empire,breeze,181.0,1,2
18.36,13.76,1,1,4,0,False,19,16,2023-06-30-DC-NY,35,empire,breeze,180.0,1,3
0.21,19.66,1,2,4,0,False,19,16,2023-06-30-DC-NY,35,empire,breeze,175.55555555555554,1,3
14.06,20.75,1,3,4,0,False,19,16,2023-06-30-DC-NY,35,empire,breeze,171.11111111111111,1,3
15.37,30.14,1,4,4,0,False,19,16,2023-06-30-DC-NY,35,empire,breeze,166.66666666666666,1,3
17.92,50.97,1,5,4,0,False,19,16,2023-06-30-DC-NY,35,empire,breeze,162.22222222222223,1,3
17.92,44.85,1,6,4,0,False,19,16,2023-06-30-DC-NY,35,empire,breeze,157.77777777777777,1,3
19.67,70.84,1,7,4,0,False,19,16,2023-06-30-DC-NY,35,empire,breeze,153.33333333333334,1,3
17.19,80.82,1,8,4,0,False,19,16,2023-06-30-DC-NY,35,empire,breeze,148.88888888888889,1,3
9.83,74.12,1,9,4,0,False,19,16,2023-06-30-DC-NY,35,empire,breeze,144.44444444444446,1,3
13.18,80.6,1,10,4,0,False,19,16,2023-06-30-DC-NY,35,empire,breeze,140.0,1,3
-3.28,14.86,1,1,4,0,True,19,17,2023-06-30-DC-NY,36,empire,breeze,139.0,1,2
0.68,26.45,1,2,4,0,True,19,17,2023-06-30-DC-NY,36,empire,breeze,134.4,1,2
13.36,35.04,1,3,4,0,True,19,17,2023-06-30-DC-NY,36,empire,breeze,129.8,1,2
17.52,43.56,1,4,4,0,True,19,17,2023-06-30-DC-NY,36,empire,breeze,125.2,1,2
7.7,49.84,1,5,4,0,True,19,17,2023-06-30-DC-NY,36,empire,breeze,120.6,1,2
0.2,43.7,1,6,4,0,True,19,17,2023-06-30-DC-NY,36,empire,breeze,116.0,1,2
-7.85,54.4,1,7,4,0,True,19,17,2023-06-30-DC-NY,36,empire,breeze,111.4,1,2
1.7,48.54,1,8,4,0,True,19,17,2023-06-30-DC-NY,36,empire,breeze,106.80000000000001,1,2
-8.6,50.45,1,9,4,0,True,19,17,2023-06-30-DC-NY,36,empire,breeze,102.2,1,2
-11.6,60.4,1,10,4,0,True,19,17,2023-06-30-DC-NY,36,empire,breeze,97.6,1,2
-0.82,49.43,1,11,4,0,True,19,17,2023-06-30-DC-NY,36,empire,breeze,93.0,1,2
-10.99,55.02,1,12,4,0,True,19,17,2023-06-30-DC-NY,36,empire,breeze,88.4,1,2
-16.1,62.24,1,13,4,0,True,19,17,2023-06-30-DC-NY,36,empire,breeze,83.80000000000001,1,2
-18.49,72.13,1,14,4,0,True,19,17,2023-06-30-DC-NY,36,empire,breeze,79.2,1,2
-21.35,81.4,1,15,4,0,True,19,17,2023-06-30-DC-NY,36,empire,breeze,74.60000000000001,1,2
-3.07,82.77,1,16,4,0,True,19,17,2023-06-30-DC-NY,36,empire,breeze,70.0,1,2
4.29,14.85,1,1,4,0,False,20,17,2023-06-30-DC-NY,37,empire,breeze,69.0,1,3
-11.59,21.26,1,2,4,0,False,20,17,2023-06-30-DC-NY,37,empire,breeze,62.0,1,3
-17.49,26.21,1,3,4,0,False,20,17,2023-06-30-DC-NY,37,empire,breeze,55.0,1,3
-2.99,26.14,1,4,4,0,False,20,17,2023-06-30-DC-NY,37,empire,breeze,48.0,1,3
5.53,35.31,1,5,4,0,False,20,17,2023-06-30-DC-NY,37,empire,breeze,41.0,1,3
4.51,42.01,1,6,4,0,False,20,17,2023-06-30-DC-NY,37,empire,breeze,34.0,1,3
-25.92,74.04,1,1,4,0,True,20,17,2023-06-30-DC-NY,37,empire,breeze,27.0,1,3
10.63,29.99,1,1,4,0,False,21,17,2023-06-30-DC-NY,38,empire,breeze,26.0,1,4
-1.83,29.05,1,2,4,0,False,21,17,2023-06-30-DC-NY,38,empire,breeze,21.0,1,4
-9.55,39.68,1,3,4,0,False,21,17,2023-06-30-DC-NY,38,empire,breeze,16.0,1,4
-18.29,69.53,1,4,4,0,False,21,17,2023-06-30-DC-NY,38,empire,breeze,11.0,1,4
-10.64,75.29,1,5,4,0,False,21,17,2023-06-30-DC-NY,38,empire,breeze,6.0,1,4
5.1,76.89,1,6,4,0,False,21,17,2023-06-30-DC-NY,38,empire,breeze,1.0,1,4
-0.82,36.95,1,1,4,0,True,21,18,2023-06-30-DC-NY,39,empire,breeze,0.0,1,3
