,TEAM,G,W_x,L,S,SA,C,T,CMP %,H,HUCK %,HLD %,OLC %,B,BRK %,DLC %,RZC %,YEAR,W_y,OPP C,OPP T,OPP CMP %,OPP H,OPP HUCK %,OPP HLD %,OPP OLC %,OPP B,OPP BRK %,OPP DLC %,OPP RZC %
0,Radicals,125,99,26,2925,2232,31.2k,2566,92.60,64,56.64,70.25,53.04,1856,38.51,48.88,77.78,CAREER,99,36.7k,3104,92.35,72,58.06,52.59,38.87,1265,20.85,36.74,77.36
1,Rush,122,97,25,3111,2392,28.6k,2709,91.64,80,84.21,69.39,51.76,1837,36.90,48.25,81.43,CAREER,97,27.1k,3440,89.06,96,69.57,55.26,40.80,1238,22.80,37.90,83.87
2,Empire,126,85,41,2744,2418,30.3k,2900,91.51,95,62.91,66.44,49.95,1683,32.41,45.68,79.64,CAREER,85,31.4k,3059,91.43,92,57.50,58.57,43.77,1419,24.98,40.93,78.97
3,AlleyCats,132,70,62,2997,2829,27.6k,2584,91.63,92,62.16,66.88,50.11,1439,28.74,42.22,75.66,CAREER,70,30.2k,2769,91.80,62,51.24,62.25,46.32,1350,25.24,40.79,84.58
4,Breeze,118,68,49,2638,2509,29.9k,2705,92.07,86,58.50,65.66,48.86,1486,31.71,47.41,82.59,CAREER,68,29k,2872,91.20,80,54.05,59.60,45.20,1363,26.29,41.11,82.14
5,Flyers,90,66,24,2191,1904,23.1k,1759,92.93,106,59.55,70.26,54.40,1106,31.20,49.43,83.97,CAREER,66,23.5k,2112,91.74,86,54.78,60.73,47.37,873,22.20,40.02,79.43
6,Legion,79,63,16,1920,1593,20.7k,1733,92.29,89,57.42,72.18,54.54,1101,31.70,43.33,77.06,CAREER,63,16.9k,2032,89.24,88,59.46,59.77,43.63,823,20.06,36.20,74.38
7,Wind Chill,114,62,51,2566,2437,30.4k,2786,91.88,86,62.77,64.59,46.52,1770,31.28,43.56,79.67,CAREER,62,27.1k,2970,90.33,82,58.16,60.06,43.81,1492,27.35,39.06,73.60
8,Union,116,61,54,2473,2250,30.5k,2617,92.26,82,61.19,64.53,47.35,1387,30.49,42.45,87.35,CAREER,61,26.9k,2785,90.76,85,59.86,61.17,43.95,1348,25.78,38.89,73.04
9,Spiders,101,55,46,2411,2334,25.9k,2301,91.83,95,62.50,66.56,51.03,1148,27.72,43.83,76.14,CAREER,55,26k,2385,91.60,74,52.11,64.87,49.09,1223,25.39,42.31,77.78
10,Aviators,86,50,36,1967,1899,22.4k,1844,92.40,73,60.83,65.14,50.47,1000,28.96,46.47,70.39,CAREER,50,21.5k,1934,91.74,71,56.80,63.03,48.49,957,26.77,45.03,73.21
11,FlameThrowers,76,48,28,1879,1724,19.1k,1940,90.76,--,--,67.34,49.24,989,30.25,42.77,--,CAREER,48,19.2k,2095,90.15,--,--,61.39,45.07,1009,25.32,38.68,--
12,Thunderbirds,88,48,40,2024,1928,22.1k,2100,91.34,79,56.43,65.34,48.71,1106,29.60,44.80,81.44,CAREER,48,21.9k,2116,91.20,125,68.31,62.85,46.97,1119,27.21,42.18,79.50
13,Royal,93,47,46,2003,2083,21.5k,2384,90,86,64.66,61.56,44.41,1186,27.82,41.41,80.56,CAREER,47,22.4k,2341,90.55,75,79.79,63.86,46.92,1256,30.26,41.46,82.54
14,Growlers,85,45,40,1898,1911,22.6k,1785,92.68,84,64.12,64.61,50.47,965,26.84,45.86,81.46,CAREER,45,22.3k,1766,92.67,90,55.56,65.05,51.16,914,27.22,46.02,75.57
15,Hustle,83,44,39,1911,1849,20.1k,1623,92.52,111,72.55,68.22,53.88,923,25.80,44.11,76.05,CAREER,44,23.8k,1733,93.22,86,57.72,66,51.40,812,24.01,44.72,81.35
16,Cascades,100,41,59,2296,2324,22.5k,2409,90.31,82,50.31,64.07,47.98,1142,27.39,43.09,76.37,CAREER,41,26.1k,2345,91.75,76,57.14,65.25,49.58,1160,28.01,43.36,80.20
17,Cannons,82,35,47,1792,1890,21.6k,1825,92.22,85,49.71,64.24,49.22,821,24.12,42.95,74.05,CAREER,35,19.6k,1689,92.05,92,58.97,67.11,52.23,992,27.96,45.12,82.30
18,Phoenix,111,28,82,2109,2590,25.8k,3071,89.61,90,57.69,55.78,40.82,1202,21.20,33.04,76.43,CAREER,28,26.4k,2598,91.32,74,56.92,71.05,50.86,1632,35.33,47.06,77.83
19,Sol,67,26,41,1507,1540,16.9k,1690,90.88,75,52.45,63.36,47.31,781,26.86,41.45,72.36,CAREER,26,15.3k,1603,90.50,100,64.10,65.78,48.79,904,27.96,42.09,72.25
20,Outlaws,76,25,51,1681,1812,17.5k,2008,89.73,87,76.32,62.02,45.68,892,25.44,39.36,80.21,CAREER,25,17.2k,1872,90.16,82,74.55,67.05,49.10,1033,29.94,42.70,76.15
21,Riptide,56,19,37,1309,1399,13.3k,1486,89.96,--,--,61.22,46.34,755,26.97,42.20,--,CAREER,19,14k,1394,90.93,--,--,66.43,49.48,738,30.07,44.60,--
22,Revolution,74,18,56,1380,1746,15.2k,1857,89.43,--,--,53.61,36.90,711,18.67,29.21,--,CAREER,18,14.2k,1365,91.73,--,--,73.59,51.49,950,37.71,43.64,--
23,Mechanix,125,15,110,2165,3246,24.9k,3325,88.33,72,52.55,47.14,32.86,1162,16.86,26.49,66.67,CAREER,15,25.1k,2584,90.85,98,68.53,75.58,52.15,1933,44.78,48.96,82.45
24,Spinners,17,15,2,459,324,--,--,--,--,--,--,--,--,--,--,--,CAREER,15,--,--,--,--,--,--,--,--,--,--,--
25,Dragons,59,11,48,1058,1436,9679,1308,88.58,--,--,47.52,33.82,487,19.93,30.40,--,CAREER,11,10.1k,1135,90.72,--,--,72.39,50.65,740,43.46,48.58,--
26,Nightwatch,56,8,48,1158,1512,13.9k,1588,89.72,--,--,58.73,43.65,572,16.18,29.61,--,CAREER,8,14.8k,1238,92.30,--,--,77.09,56.71,823,32.88,45.96,--
27,Constitution,12,8,4,265,240,--,--,--,--,--,--,--,--,--,--,--,CAREER,8,--,--,--,--,--,--,--,--,--,--,--
28,Cranes,16,7,9,317,330,--,--,--,--,--,--,--,--,--,--,--,CAREER,7,--,--,--,--,--,--,--,--,--,--,--
29,Express,28,6,22,544,678,6756,767,89.80,--,--,55.04,39.69,350,23.33,40,--,CAREER,6,7349,629,92.12,--,--,68.22,51.38,374,36.41,46.53,--
30,Rampage,15,6,9,307,353,--,--,--,--,--,--,--,--,--,--,--,CAREER,6,--,--,--,--,--,--,--,--,--,--,--
31,Glory,12,5,7,268,265,2951,203,93.56,79,58.09,70.73,58,121,22.65,51.59,80.18,CAREER,5,2910,202,93.51,92,63.45,70.03,58.60,112,22.38,48.85,80.63
32,Hammerheads,16,2,14,276,366,3868,568,90,--,--,--,--,244,--,--,--,CAREER,2,3170,452,90.13,--,--,--,--,269,--,--,--
33,Lions,14,0,14,224,430,3753,550,87.22,--,--,40.56,27.75,152,14.89,22.88,--,CAREER,0,2450,372,86.82,--,--,69.44,49.58,253,55.68,52.69,--
0,Spinners,17,15,2,459,324,,,,,,,,,,,,2012,15,,,,,,,,,,,
1,Constitution,12,8,4,265,240,,,,,,,,,,,,2012,8,,,,,,,,,,,
2,AlleyCats,16,8,8,341,341,,,,,,,,,,,,2012,8,,,,,,,,,,,
3,Revolution,16,8,8,301,299,,,,,,,,,,,,2012,8,,,,,,,,,,,
4,Cranes,16,7,9,317,330,,,,,,,,,,,,2012,7,,,,,,,,,,,
5,Rampage,15,6,9,307,353,,,,,,,,,,,,2012,6,,,,,,,,,,,
6,Mechanix,15,6,9,327,351,,,,,,,,,,,,2012,6,,,,,,,,,,,
7,Dragons,15,3,12,272,351,,,,,,,,,,,,2012,3,,,,,,,,,,,
0,Rush,18,18,0,497,317,3590,395,92.36,,,,,322,,,,2013,18,3148,531,88.13,,,,,186,,,
1,Radicals,19,15,4,421,363,5040,428,93.40,,,,,268,,,,2013,15,4337,345,93.87,,,,,209,,,
2,Union,17,14,3,392,301,4420,369,93.47,,,,,254,,,,2013,14,3156,361,90.85,,,,,185,,,
3,Empire,18,12,6,367,320,3914,568,89.10,,,,,308,,,,2013,12,3938,503,91.01,,,,,224,,,
4,AlleyCats,17,9,8,396,370,3047,294,93.04,,,,,215,,,,2013,9,3929,347,93.39,,,,,196,,,
5,Phoenix,17,9,8,348,349,2952,455,88.76,,,,,205,,,,2013,9,3232,491,88.91,,,,,288,,,
6,Dragons,16,6,10,306,355,2509,380,88.69,,,,,191,,,,2013,6,3737,464,91.24,,,,,272,,,
7,Wind Chill,16,4,12,335,355,3372,341,93.25,,,,,280,,,,2013,4,3337,375,91.65,,,,,263,,,
8,Breeze,16,4,12,293,378,3453,435,91.79,,,,,208,,,,2013,4,3022,361,91.35,,,,,235,,,
9,Mechanix,16,4,12,292,373,1435,145,92.88,,,,,75,,,,2013,4,4066,328,93.79,,,,,248,,,
10,Revolution,16,4,12,292,368,4816,480,92.03,,,,,212,,,,2013,4,3344,300,94.01,,,,,207,,,
11,Hammerheads,16,2,14,276,366,3868,568,90,,,,,244,,,,2013,2,3170,452,90.13,,,,,269,,,
0,Spiders,17,16,1,475,340,3917,380,91.16,,,75.67,54.32,228,37.72,51.61,,2014,16,4708,487,90.63,,,55.32,41.67,174,16.10,26.64,
1,Rush,17,15,2,449,302,4277,355,92.34,,,71.48,52.03,276,46.12,52.45,,2014,15,3979,537,88.11,,,46.57,34.25,156,23.35,36.97,
2,Radicals,16,13,3,383,250,4012,346,92.06,,,71.28,49.88,298,43.86,49.59,,2014,13,4257,476,89.94,,,47.95,34.19,164,18.09,28.33,
3,FlameThrowers,15,11,4,357,295,3365,436,88.53,,,64,43.24,204,38.50,42.21,,2014,11,3664,501,87.97,,,52.71,36.17,205,27.78,35.16,
4,Empire,16,11,5,357,281,3916,394,90.86,,,64.22,46.85,239,40,43.09,,2014,11,4171,460,90.07,,,50.38,34.74,174,26.84,40.19,
5,Breeze,15,10,5,347,344,3784,376,90.96,,,59.63,44.16,178,33.07,50.20,,2014,10,4204,389,91.53,,,59.25,45.10,167,32.62,44.85,
6,Union,15,9,6,324,265,3677,365,90.97,,,68.81,49.15,193,34.18,39.29,,2014,9,3414,418,89.09,,,55.59,37.24,198,24.15,34.98,
7,AlleyCats,15,9,6,328,324,3546,380,90.32,,,63.53,45.19,189,27.65,37.75,,2014,9,3805,395,90.60,,,63.41,45.13,216,27.40,39.11,
8,Wind Chill,14,8,6,341,302,4140,311,93.01,,,65.06,49.66,243,34.06,47.89,,2014,8,3232,349,90.25,,,56.78,42.68,148,26.60,41.92,
9,Riptide,14,8,6,357,316,2972,394,88.29,,,59.88,45.18,223,39.22,45.62,,2014,8,3426,447,88.46,,,56.25,39.27,192,28.86,40.91,
10,Royal,14,6,8,296,304,3314,338,90.74,,,56.33,42.50,160,33.75,47.39,,2014,6,3694,347,91.41,,,58.95,43.31,191,34.04,46.50,
11,Revolution,14,4,10,258,332,2804,416,87.08,,,53.48,37.65,158,23,36.07,,2014,4,3413,333,91.11,,,69.34,49.14,236,36.94,44.04,
12,Cascades,14,3,11,277,296,3656,460,88.82,,,54.32,36.97,210,33.11,35.31,,2014,3,3174,392,89.01,,,61.01,38.85,189,36.89,41.76,
13,Phoenix,14,2,12,249,338,4106,423,90.66,,,52.07,36.99,154,21.09,31.87,,2014,2,3233,316,91.10,,,70.50,49.87,217,39.07,48.31,
14,Dragons,14,1,13,225,359,3298,474,87.43,,,45.88,31.62,153,18.90,29.81,,2014,1,3620,339,91.44,,,73.52,52.25,258,44.70,46.01,
15,Lions,14,0,14,224,430,3753,550,87.22,,,40.56,27.75,152,14.89,22.88,,2014,0,2450,372,86.82,,,69.44,49.58,253,55.68,52.69,
16,Mechanix,14,0,14,217,386,3164,518,85.93,,,43.87,29.20,176,15.51,22.89,,2014,0,3257,358,90.10,,,75.92,51.81,296,48.31,48.54,
0,Radicals,17,15,2,426,294,4119,358,92,,,73.78,52.95,270,40,49.60,,2015,15,5644,480,92.16,,,50.43,37.85,179,18.90,30.54,
1,Rush,16,14,2,455,318,4173,361,92.04,,,73.43,55.75,264,40.66,49.50,,2015,14,3456,507,87.21,,,51.65,37.48,132,19.43,35.98,
2,Thunderbirds,16,13,3,455,341,4282,348,92.48,,,73.33,55.44,225,36.96,52.94,,2015,13,4396,429,91.11,,,55.84,42.64,164,17.14,32.97,
3,Spiders,17,13,4,408,373,4332,392,91.70,,,68.30,50.92,184,29.48,42.07,,2015,13,4479,434,91.17,,,63.43,46.68,194,22.55,38.17,
4,Flyers,16,12,4,425,368,3833,389,90.79,,,69.25,51.11,229,32.10,47.59,,2015,12,4397,449,90.73,,,58.35,44.54,172,24.69,39.44,
5,Empire,16,12,4,352,285,3805,393,90.64,,,62.15,43.97,223,40.36,47.11,,2015,12,3869,453,89.52,,,50.65,35.78,219,28.39,39.30,
6,Hustle,14,10,4,353,308,3613,324,91.77,,,69.14,53.32,203,31.50,43.17,,2015,10,3448,370,90.31,,,60.69,44.23,142,23.15,41.71,
7,Cannons,15,10,5,368,339,3684,348,91.37,,,66.40,49.70,160,30.25,47.08,,2015,10,3974,373,91.42,,,63.25,48.10,201,23.18,37.72,
8,Royal,15,9,6,338,341,2856,427,86.99,,,59.57,42.75,226,31.71,42.70,,2015,9,4116,422,90.70,,,60,42.86,203,32.08,42.50,
9,Cascades,16,9,7,395,355,3105,360,89.61,,,68.30,51.16,201,30.44,47.27,,2015,9,4351,394,91.70,,,61.03,47.62,137,24.48,40.08,
10,FlameThrowers,15,8,7,336,325,4138,385,91.49,,,60.78,44.38,175,32.34,44.74,,2015,8,3748,397,90.42,,,58.58,42.57,201,30.99,42.64,
11,Union,15,8,6,326,267,3827,338,91.88,,,64.06,44.32,180,38.19,43.70,,2015,8,3032,451,87.05,,,53.48,35.49,208,25.25,33.33,
12,Breeze,14,7,7,302,316,3198,383,89.30,,,57.39,40.57,180,31.52,45.22,,2015,7,3645,371,90.76,,,59.70,44.67,188,34.59,43.27,
13,Outlaws,14,7,7,326,313,3557,360,90.81,,,64.04,46.01,162,30.23,43.67,,2015,7,2843,379,88.24,,,61.58,45.51,184,27.86,38.62,
14,AlleyCats,14,7,7,340,306,3784,330,91.98,,,67.07,51.14,179,31.52,43.28,,2015,7,4123,360,91.97,,,58.81,43.84,160,26.57,44.50,
15,Growlers,14,7,7,314,328,3837,302,92.70,,,61.80,47.72,154,27.49,47.24,,2015,7,3698,300,92.50,,,64.91,51.75,139,29.78,46.49,
16,Wind Chill,14,6,7,292,303,3747,427,89.77,,,53.47,35.47,266,35.94,42.91,,2015,6,3346,439,88.40,,,55.31,37.66,218,37.84,41.04,
17,Aviators,14,5,9,290,318,3707,352,91.33,,,58.38,43.82,148,27.59,42.72,,2015,5,3254,314,91.20,,,63.64,47.88,178,33.24,46.56,
18,Riptide,14,4,10,339,376,3769,344,91.64,,,64.85,51.68,152,20.92,39.49,,2015,4,3283,301,91.60,,,70.92,54.38,172,28.40,49.15,
19,Express,14,2,12,271,346,3619,369,90.75,,,54.01,39.76,166,23.08,42.59,,2015,2,3528,295,92.28,,,68.67,53.09,180,37.33,48.95,
20,Revolution,14,2,12,256,372,3991,455,89.77,,,51.74,36.56,162,16.90,26.82,,2015,2,3883,340,91.95,,,75.89,53.63,234,39.75,46.49,
21,Nightwatch,14,2,12,285,344,4006,410,90.72,,,60.59,43.88,152,18.85,28.10,,2015,2,3381,351,90.59,,,72.52,50.33,216,31.37,42.24,
22,Phoenix,14,1,13,257,346,3014,425,87.64,,,50.13,36.03,154,24.56,36.27,,2015,1,3810,335,91.92,,,67.48,48.86,215,40.91,49.04,
23,Dragons,14,1,13,255,371,3872,454,89.51,,,49.12,36.10,143,20.85,30.89,,2015,1,2709,332,89.08,,,71.38,49.27,210,42.25,51.52,
24,Mechanix,14,0,14,233,444,3760,501,88.24,,,42.32,31.75,135,12.45,24.09,,2015,0,3215,259,92.54,,,80.40,58.77,247,49.44,59.84,
0,Legion,17,17,0,489,335,4161,376,91.71,,,77.78,58.10,292,38.62,49.39,,2016,17,3445,505,87.22,,,52.87,38.57,184,14.71,27.93,
1,Radicals,16,15,1,413,274,3702,382,90.65,,,71.90,53.01,276,43.37,46.28,,2016,15,4796,505,90.47,,,46.41,31.44,168,19.42,31.21,
2,Rush,16,13,3,417,322,3895,396,90.77,,,67.89,49.59,253,39.02,47.44,,2016,13,3813,507,88.26,,,52.33,37.46,190,24.16,38.22,
3,Cascades,18,12,6,454,429,2535,360,87.56,,,65.09,49.53,190,32.48,50.91,,2016,12,4758,431,91.69,,,61.40,48.62,214,28.08,47.27,
4,Thunderbirds,16,11,5,393,334,4199,410,91.10,,,66.03,47.82,249,35.76,45.65,,2016,11,3872,466,89.26,,,55.16,40.03,224,26.98,39.29,
5,FlameThrowers,15,11,4,390,344,4047,363,91.77,,,69.17,51.50,213,31.65,45.67,,2016,11,3604,407,89.85,,,60,44.76,200,24.47,40.53,
6,Breeze,16,11,5,396,329,3901,378,91.17,,,65.48,47.05,225,36.43,51.14,,2016,11,4391,451,90.69,,,54.99,41.43,199,25.14,37.86,
7,Wind Chill,15,9,6,326,354,4237,450,90.40,,,58.96,39.21,259,27.73,40.91,,2016,9,3752,419,89.95,,,63.48,47,220,33.78,38.72,
8,Aviators,15,9,6,357,344,4374,325,93.08,,,62.20,50.33,189,32.04,48.06,,2016,9,3446,340,91.02,,,60.62,46.06,171,29.73,52.63,
9,Flyers,15,9,6,350,341,3463,357,90.65,,,66.01,49.26,214,29.79,41.95,,2016,9,3863,394,90.74,,,64.74,46.77,186,25.54,38.78,
10,AlleyCats,14,8,6,360,316,3411,362,90.41,,,65.12,49.34,187,35.14,45.95,,2016,8,4032,405,90.87,,,58.25,42.32,184,26.09,41.67,
11,Hustle,16,8,8,379,386,4152,383,91.55,,,64.85,50.09,193,25.73,39.41,,2016,8,4056,389,91.25,,,66.42,48.75,209,26.78,45.75,
12,Empire,15,7,8,329,301,3803,401,90.46,,,61.56,44.66,214,34.16,41.06,,2016,7,3681,424,89.67,,,55.92,38.74,197,29.43,41.70,
13,Outlaws,14,7,7,340,336,3597,408,89.81,,,62.09,45.47,201,30.98,41.91,,2016,7,2911,407,87.73,,,62.40,44.04,201,29.56,41.96,
14,Sol,14,7,7,357,331,3767,411,90.16,,,66.20,46.68,215,30.49,41.55,,2016,7,3204,402,88.85,,,62.87,45.40,220,26.48,36.86,
15,Riptide,14,6,8,344,352,3461,326,91.39,,,65,50.10,191,26.01,47.09,,2016,6,3415,312,91.63,,,67.74,53.50,162,26.32,43.48,
16,Royal,14,6,8,298,331,3185,416,88.45,,,57.78,39.77,194,27.61,40.72,,2016,6,3493,381,90.17,,,63.27,46.28,214,35.10,42,
17,Spiders,14,5,9,334,361,3506,345,91.04,,,62.47,48.41,179,25.14,43.13,,2016,5,3579,318,91.84,,,66.85,51.49,193,30.51,48.18,
18,Cannons,14,5,9,332,352,3487,336,91.21,,,65.88,49.80,157,22.31,40.10,,2016,5,3249,323,90.96,,,68.60,52.31,198,27.03,43.83,
19,Mechanix,14,4,10,258,337,3510,494,87.66,,,51.09,35.35,215,24.40,27.63,,2016,4,3232,427,88.33,,,65.96,40.78,252,40.82,45.43,
20,Express,14,4,10,273,332,3137,398,88.74,,,56.11,39.61,184,23.59,37.77,,2016,4,3821,334,91.96,,,67.77,49.76,194,35.46,44.14,
21,Union,14,4,10,261,295,3979,433,90.19,,,55.27,35.97,178,28.47,35.09,,2016,4,3071,402,88.42,,,64.83,43.12,211,32.82,36.27,
22,Nightwatch,14,3,11,298,388,3566,382,90.32,,,59.13,44.24,135,15.90,34.44,,2016,3,3717,288,92.81,,,75.23,58.71,184,34.13,48.97,
23,Growlers,14,2,12,296,350,3844,353,91.59,,,57.41,43.66,154,24.38,42.93,,2016,2,3582,301,92.25,,,67.59,52.14,199,34.48,48.69,
24,Revolution,14,0,14,273,375,3570,506,87.59,,,55.58,36.60,179,16.23,25,,2016,0,3532,392,90.01,,,75.50,51.70,273,36.39,40.61,
25,Phoenix,14,0,14,222,390,3293,496,86.91,,,45.19,32.03,153,13.65,22.52,,2016,0,3467,317,91.62,,,79.20,55,242,45.82,50.79,
0,FlameThrowers,17,13,4,474,405,3805,381,90.90,,,73.58,55.98,234,29.67,47.78,,2017,13,4515,448,90.97,,,62.01,48.17,202,20.50,37.82,
1,Rush,17,13,4,445,386,4128,394,91.29,,,66.67,51,239,34.45,49.85,,2017,13,4054,456,89.89,,,59.21,45.14,180,24.41,41.20,
2,Legion,17,13,4,440,360,4699,395,92.25,,,72.08,53.99,224,32.91,44.70,,2017,13,4136,473,89.74,,,60.13,44.12,186,19.04,33.04,
3,Radicals,16,13,3,356,304,3966,320,92.53,,,66.47,52.21,232,33.85,45.36,,2017,13,5220,385,93.13,,,56.92,41.42,166,24.33,44.81,
4,Flyers,15,13,2,389,325,3970,310,92.76,,,70.70,53.29,198,32.86,50.55,,2017,13,3806,382,90.88,,,58.81,46.08,141,21.97,38.42,
5,Breeze,16,11,5,392,338,4179,366,91.95,,,68.82,51.30,210,32,45.48,,2017,11,3736,418,89.94,,,59.06,44.35,172,23.39,38.84,
6,Wind Chill,15,11,4,348,297,3699,427,89.65,,,64.94,45.03,240,35.62,40.66,,2017,11,3567,474,88.27,,,55.64,37.32,223,25.91,34.69,
7,Thunderbirds,16,10,6,374,362,3808,424,89.98,,,63.96,46.41,225,30.12,41.64,,2017,10,3851,439,89.77,,,62.59,45.39,218,26.90,39.26,
8,Aviators,16,10,6,392,380,4827,333,93.55,,,66.02,52.21,184,28.37,48.98,,2017,10,3857,351,91.66,,,63.68,50.09,182,26.63,47.83,
9,Cannons,15,10,5,366,346,4257,313,93.15,,,70.74,54.62,147,25.25,45.45,,2017,10,3724,323,92.02,,,64.90,51.50,154,23.67,41.98,
10,Royal,15,9,6,328,329,3699,424,89.72,,,63.06,43.40,220,28.21,37.55,,2017,9,3252,425,88.44,,,61.39,43.50,219,30,38.57,
11,Spiders,15,8,7,370,375,4577,324,93.39,,,67.90,56.01,167,23.69,38.62,,2017,8,3693,324,91.93,,,69.15,51.58,178,23.95,48.99,
12,Cascades,14,7,7,347,324,3512,321,91.63,,,68.27,52.05,137,28.27,46.49,,2017,7,3793,341,91.75,,,64.27,49.39,174,23.58,40.29,
13,Growlers,14,7,7,318,330,3809,304,92.61,,,62.67,49.23,168,26.88,47.21,,2017,7,3804,286,93.01,,,65.90,52.53,140,28.41,47.66,
14,Empire,14,6,8,292,290,3106,340,90.13,,,60.88,45.31,197,30.53,41.88,,2017,6,3730,337,91.71,,,59.81,43.54,164,30.82,44.34,
15,AlleyCats,14,5,9,329,323,3116,362,89.59,,,63.74,46.20,183,29.05,44.07,,2017,5,3681,362,91.05,,,61.39,46.72,177,28.90,42.32,
16,Hustle,14,5,9,344,349,3568,297,92.32,,,70.03,54.89,165,21.45,40,,2017,5,4007,302,92.99,,,71.05,55.79,133,22.28,41.38,
17,Phoenix,14,4,10,301,343,3109,353,89.80,,,59.52,45.59,147,23.94,39.70,,2017,4,3613,313,92.03,,,68.48,51.13,202,31.45,47.18,
18,Sol,14,4,10,343,356,3630,366,90.84,,,66.49,51.10,160,23.45,36.55,,2017,4,3382,348,90.67,,,67.65,49.80,182,27.27,44.30,
19,Union,14,3,11,268,310,4154,393,91.36,,,56.05,40.17,163,26.35,37.14,,2017,3,3160,335,90.41,,,64.98,45.84,175,34.51,44.66,
20,Outlaws,14,2,12,298,364,3141,401,88.68,,,59.18,42.88,155,20.25,35.29,,2017,2,3232,333,90.66,,,72.31,53.41,224,32.74,42.95,
21,Mechanix,14,1,13,242,333,3440,526,86.74,,,51.09,31.28,188,19.85,26.09,,2017,1,2955,446,86.89,,,70,45,269,39.89,36.83,
22,Riptide,14,1,13,269,355,3109,422,88.05,,,54.83,38.89,189,19.80,33.15,,2017,1,3859,334,92.03,,,72.39,52.83,212,36.65,44.87,
23,Nightwatch,14,0,14,273,414,2850,438,86.68,,,54.30,40.47,128,10.96,22.30,,2017,0,3531,299,92.19,,,85.05,62.14,227,35.75,47.45,
0,Radicals,17,15,2,419,303,4385,304,93.52,,,75.96,61.10,238,35.98,47.80,,2018,15,5570,414,93.08,,,54.08,41.18,139,17.21,38.67,
1,Legion,17,15,2,410,357,4824,428,91.85,,,74.10,53.72,254,27.19,34.67,,2018,15,3593,478,88.26,,,62.47,43.17,211,20.20,34.20,
2,Rush,15,13,2,367,286,3452,352,90.75,,,69.94,48.57,237,36.59,47.40,,2018,13,3807,439,89.66,,,54.27,40.22,166,22.15,31.25,
3,Aviators,16,12,4,402,355,3838,349,91.66,,,69.25,53.17,220,31.02,47.18,,2018,12,4631,398,92.09,,,60.60,46.47,166,23.77,41.26,
4,AlleyCats,16,12,4,385,325,4061,379,91.46,,,75,52.35,230,28.30,40.97,,2018,12,4052,439,90.22,,,62.83,46.21,181,17.42,26.96,
5,Flyers,16,11,5,393,335,4566,287,94.09,,,69.29,55.19,198,33.02,52.43,,2018,11,4199,358,92.14,,,59.34,47,147,22.95,43.08,
6,Empire,17,10,7,389,370,4316,354,92.42,,,66.25,50.86,211,28.91,48.80,,2018,10,4332,357,92.39,,,63.59,50.37,192,25,42.44,
7,Breeze,15,8,6,343,324,4146,351,92.19,,,65.92,47.66,193,29.22,44.49,,2018,8,3694,377,90.74,,,62.20,46.87,183,25.99,38.49,
8,Wind Chill,15,8,7,383,343,4593,347,92.98,,,70.05,54.36,191,29.16,43.53,,2018,8,3583,382,90.37,,,63.86,47.58,173,20.80,38.61,
9,Hustle,14,7,7,316,318,3412,237,93.51,,,66.47,52.75,134,25,52.76,,2018,7,4716,238,95.20,,,68.05,57.64,127,25.59,46.03,
10,Growlers,15,7,8,356,352,4460,338,92.96,,,64.58,49.40,183,27.98,47.16,,2018,7,4024,330,92.42,,,64.25,50.82,175,27.01,44.07,
11,Spiders,14,6,8,324,336,3944,366,91.51,,,65.66,48.88,168,23.86,34.85,,2018,6,3278,369,89.88,,,67.99,48.29,202,26.45,40,
12,Sol,15,6,9,320,347,3408,359,90.47,,,61.01,46.46,146,25.71,43.06,,2018,6,3713,322,92.02,,,67.24,50.86,212,29.97,45.02,
13,Royal,14,6,8,315,346,3288,374,89.79,,,62.20,45.22,174,24.34,38.97,,2018,6,3487,350,90.88,,,67.54,50,201,30.67,42.59,
14,Phoenix,14,5,8,293,318,3764,380,90.83,,,63.29,47.82,170,23.05,29.96,,2018,5,3177,357,89.90,,,68.54,45.64,182,28.32,43.36,
15,Cascades,14,5,9,337,361,3595,372,90.62,,,66.84,48.87,179,21.10,37.20,,2018,5,4026,344,92.13,,,72.88,55.53,176,24.23,36.43,
16,FlameThrowers,14,5,9,322,355,3700,375,90.80,,,67.36,49.71,163,18.18,29.91,,2018,5,3644,342,91.42,,,74.64,54.24,201,24.35,37.35,
17,Union,14,5,9,319,309,3786,299,92.68,,,67.16,50.78,144,26.36,44.88,,2018,5,3873,312,92.54,,,67.53,51.99,139,21.89,37.76,
18,Thunderbirds,14,4,10,276,332,3223,403,88.89,,,59,41.68,155,20.72,34.24,,2018,4,3844,311,92.52,,,74.82,53.55,227,37.24,46.13,
19,Cannons,14,4,10,290,299,4337,258,94.39,,,64.29,51.24,145,25.80,46.55,,2018,4,3182,243,92.91,,,64.44,52.05,144,28.66,48.94,
20,Nightwatch,14,3,11,302,366,3442,358,90.58,,,61.56,46.47,157,18.75,33.33,,2018,3,4203,300,93.34,,,76,56.26,196,29.77,44.66,
21,Outlaws,14,3,11,321,357,3064,386,88.81,,,60,45.65,163,25.71,38.30,,2018,3,3547,347,91.09,,,67.82,48.66,201,31.51,47.64,
22,Mechanix,14,0,14,235,423,3692,491,88.26,,,48.02,33.72,167,17.54,29.59,,2018,0,3121,340,90.18,,,80.15,55.85,279,47.23,50.84,
0,Empire,15,15,0,334,282,3557,230,93.93,,,75.40,58.85,150,26.85,49.75,,2019,15,3811,277,93.22,,,62.02,50.78,134,17.57,36.67,
1,Growlers,14,11,3,328,292,3433,233,93.64,,,73.19,60.57,157,26.84,46.57,,2019,11,3593,261,93.23,,,62.64,50.23,134,21.56,47.26,
2,Flyers,13,10,3,293,255,3241,198,94.24,,,70.21,56.41,125,29.78,53.67,,2019,10,3275,242,93.12,,,61.76,51.04,105,20.57,40.85,
3,Legion,15,10,5,320,300,3654,294,92.55,,,66.87,52.26,202,28.49,42.02,,2019,10,3057,321,90.50,,,63.22,47.31,132,24.09,43.41,
4,Thunderbirds,14,9,5,298,270,3552,252,93.38,,,68.67,54.50,141,28.05,47.42,,2019,9,3238,270,92.30,,,61.40,47.98,144,22.67,43.31,
5,Aviators,13,9,4,306,267,2896,213,93.15,,,71.58,56.49,150,29,51.06,,2019,9,3247,268,92.38,,,64.35,52.08,116,18.43,37.50,
6,AlleyCats,14,9,5,280,270,3566,248,93.50,,,70.47,56.76,139,22.80,37.63,,2019,9,3203,257,92.57,,,67.43,50.86,125,21,42,
7,Rush,14,8,6,293,271,3252,280,92.07,,,68.33,52.30,154,27.33,41.51,,2019,8,2934,296,90.84,,,63.44,46.88,136,22.82,39.53,
8,Breeze,13,7,6,281,262,3230,227,93.43,,,71.72,57.62,139,23.62,39.67,,2019,7,3333,247,93.10,,,65.70,49.75,115,20.42,42.14,
9,Union,13,7,6,271,257,3141,228,93.23,,,66.31,53.89,133,28.38,47.19,,2019,7,3154,239,92.96,,,62.63,49.87,121,25,47.97,
10,Radicals,12,6,6,250,222,2733,213,92.77,,,64.75,49.38,153,33.33,52,,2019,6,3439,255,93.10,,,59.12,46.29,123,24.29,41.38,
11,Wind Chill,12,6,6,261,252,2786,254,91.64,,,68.48,51.78,140,25.17,40.68,,2019,6,3173,257,92.51,,,65.72,49.73,136,23.55,40.63,
12,Hustle,12,5,7,246,243,2638,183,93.51,,,69.17,55.76,97,22.88,45.59,,2019,5,3566,194,94.84,,,66.79,55.02,92,22.93,46.21,
13,Royal,12,4,8,238,253,3055,231,92.97,,,65.34,49.45,114,21.84,39.04,,2019,4,2598,229,91.90,,,71.76,55.13,134,23.21,37.79,
14,Phoenix,12,4,8,222,249,2657,293,90.07,,,61.90,43.78,126,21.46,33.54,,2019,4,2773,266,91.25,,,72.06,51.30,157,25.91,36.22,
15,Cannons,12,4,8,232,263,3080,265,92.08,,,60.28,47.27,105,22.87,39.33,,2019,4,2631,219,92.32,,,66.28,50.44,132,32.29,51.10,
16,Spiders,12,3,9,264,301,3005,237,92.69,,,61.66,49.75,100,21.72,48.46,,2019,3,3044,209,93.58,,,71.97,59.94,144,28.40,48.17,
17,Outlaws,12,3,9,228,265,2563,289,89.87,,,61.03,44.47,129,20.08,34.23,,2019,3,2841,246,92.03,,,70.36,52.82,137,30,41.83,
18,Sol,12,3,9,229,254,2803,284,90.80,,,59.22,43.49,103,24.41,39.49,,2019,3,2581,255,91.01,,,67.98,50,159,29.08,40.59,
19,Cascades,12,2,10,263,306,3249,255,92.72,,,63.75,52.36,102,18.06,39.10,,2019,2,2869,198,93.54,,,72.92,58.50,125,28.92,52.75,
20,Mechanix,12,0,12,174,277,2755,325,89.45,,,47.85,34.04,112,14.29,28.71,,2019,0,2486,226,91.67,,,76.26,57.63,170,41.86,46.84,
0,Empire,15,12,3,324,289,3880,220,94.63,95,62.91,75,61.24,141,25.07,52.73,79.64,2021,12,3882,248,94,92,57.50,68.50,57.11,115,16.46,40,78.97
1,Growlers,14,11,3,286,259,3225,255,92.67,84,64.12,70.67,55.71,149,27.24,43.59,81.46,2021,11,3629,288,92.65,90,55.56,65.38,49.51,127,19.50,39.57,75.57
2,Union,14,11,3,312,246,3476,192,94.77,82,61.19,76.69,64.56,142,30.97,53.03,87.35,2021,11,4088,267,93.87,85,59.86,60.77,48.13,111,14.23,40.86,73.04
3,Flyers,15,11,4,341,280,4063,218,94.91,106,59.55,77.23,64.46,142,28.76,52.97,83.97,2021,11,3930,287,93.19,86,54.78,62.47,50.65,122,15.61,40.52,79.43
4,Wind Chill,13,10,3,280,231,3842,229,94.37,86,62.77,74.31,56.80,151,30.43,50,79.67,2021,10,3102,275,91.86,82,58.16,60.07,47.23,111,20.63,37.96,73.60
5,Breeze,13,10,3,284,218,4045,189,95.54,86,58.50,74.58,60.88,153,34.44,54.74,82.59,2021,10,2961,258,91.99,80,54.05,57.81,45.79,104,18.33,42.72,82.14
6,Hustle,13,9,4,273,245,2698,199,93.13,111,72.55,71.11,59.08,131,27.65,48.50,76.05,2021,9,4053,240,94.41,86,57.72,62.80,49.86,109,22.22,49.18,81.35
7,Legion,13,8,5,261,241,3410,240,93.42,89,57.42,68.30,54.35,129,27.97,45.45,77.06,2021,8,2622,255,91.14,88,59.46,62.59,48.12,110,23.22,46.27,74.38
8,Radicals,12,7,5,257,222,3248,215,93.79,64,56.64,65.02,51.30,121,36,56.90,77.78,2021,7,3464,244,93.42,72,58.06,57.40,46.49,117,25,46.56,77.36
9,Royal,9,7,2,190,179,2062,174,92.22,86,64.66,72.02,53.67,98,24.51,44.25,80.56,2021,7,1801,187,90.59,75,79.79,67.65,52.67,94,21.24,36.61,82.54
10,Sol,12,6,6,258,252,3242,270,92.31,75,52.45,62.68,48.19,157,30,47.73,72.36,2021,6,2398,276,89.68,100,64.10,63.35,48.37,131,26.91,44.31,72.25
11,Aviators,12,5,7,220,235,2771,272,91.06,73,60.83,63.57,46.59,109,23.14,37.58,70.39,2021,5,3050,263,92.06,71,56.80,67.50,49.39,144,28.02,41.14,73.21
12,Glory,12,5,7,268,265,2951,203,93.56,79,58.09,70.73,58,121,22.65,51.59,80.18,2021,5,2910,202,93.51,92,63.45,70.03,58.60,112,22.38,48.85,80.63
13,Spiders,12,4,8,236,248,2598,257,91,95,62.50,62.31,47.58,122,26.85,48.25,76.14,2021,4,3221,244,92.96,74,52.11,63.42,50.15,138,31.60,48.02,77.78
14,Rush,9,3,6,188,190,1853,176,91.33,80,84.21,68.29,54.69,92,23.50,41.59,81.43,2021,3,1956,167,92.13,96,69.57,71,54.41,92,22.93,46.53,83.87
15,Cascades,12,3,9,223,253,2799,281,90.88,82,50.31,59.12,44.26,123,25,42.36,76.37,2021,3,3097,245,92.67,76,57.14,66.12,50.78,145,32.85,47.87,80.20
16,AlleyCats,12,3,9,238,254,3024,229,92.96,92,62.16,62.68,51.80,117,23.94,45.93,75.66,2021,3,3410,204,94.36,62,51.24,65.64,52.47,111,29.82,55.03,84.58
17,Outlaws,8,3,5,168,177,1623,164,90.82,87,76.32,69.89,53.72,82,21.11,39.58,80.21,2021,3,1781,160,91.76,82,74.55,71.67,55.13,86,25.27,43.12,76.15
18,Phoenix,12,3,9,217,257,2882,246,92.14,90,57.69,63.84,49.15,93,18.64,37.61,76.43,2021,3,3090,203,93.84,74,56.92,73.31,57.28,129,30.18,50.30,77.83
19,Cannons,12,2,10,204,291,2800,305,90.18,85,49.71,55.45,41.39,107,13.27,31.25,74.05,2021,2,2799,208,93.08,92,58.97,80.09,63.29,163,35.26,48.89,82.30
20,Thunderbirds,12,1,11,228,289,3081,263,92.14,79,56.43,60.71,48.07,111,16.60,38.32,81.44,2021,1,2742,201,93.17,125,68.31,77.82,61.46,142,31.27,51.89,79.50
21,Mechanix,12,0,12,187,322,3150,325,90.65,72,52.55,47.51,36.32,94,11.11,26.14,66.67,2021,0,2737,200,93.19,98,68.53,83.50,64.42,172,43.11,55.89,82.45
